case_barcode,pair_id,sample_type,grade,seq_type,aliquot_type,mutation_coverage,cohort,source,B2M_tpm,B2M_log2tpm,TAP1_tpm,TAP1_log2tpm,TAP2_tpm,TAP2_log2tpm,TAPBP_tpm,TAPBP_log2tpm,HLA.A_tpm,HLA.A_log2tpm,HLA.B_tpm,HLA.B_log2tpm,HLA.C_tpm,HLA.C_log2tpm,NLRC5_tpm,NLRC5_log2tpm,STAT1_tpm,STAT1_log2tpm,IRF1_tpm,IRF1_log2tpm,IRF9_tpm,IRF9_log2tpm,CXCL9_tpm,CXCL9_log2tpm,CXCL10_tpm,CXCL10_log2tpm,CXCL11_tpm,CXCL11_log2tpm,GBP1_tpm,GBP1_log2tpm,GBP2_tpm,GBP2_log2tpm,GBP4_tpm,GBP4_log2tpm,GBP5_tpm,GBP5_log2tpm,IDO1_tpm,IDO1_log2tpm,CD3D_tpm,CD3D_log2tpm,CD3E_tpm,CD3E_log2tpm,CD3G_tpm,CD3G_log2tpm,CD8A_tpm,CD8A_log2tpm,CD8B_tpm,CD8B_log2tpm,GZMA_tpm,GZMA_log2tpm,GZMB_tpm,GZMB_log2tpm,PRF1_tpm,PRF1_log2tpm,LAG3_tpm,LAG3_log2tpm,tp53_status,tp53_subgroup,tp53_HGVSp,tp53_variant,idh_HGVSp,idh_subgroup,idh_status,include_flag,exclude_reason,lag3_status,maf_status,PDCD1_tpm,PDCD1_log2tpm,CTLA4_tpm,CTLA4_log2tpm,TIGIT_tpm,TIGIT_log2tpm,HAVCR2_tpm,HAVCR2_log2tpm,CD274_tpm,CD274_log2tpm,PDCD1LG2_tpm,PDCD1LG2_log2tpm
GLSS-19-0267,GLSS-19-0267-TP,Tumor Primary,Grade4,WXS,"WXS, RNA",TRUE,GLASS,GLASS_WXS,682.201376,9.41616707039235,53.221258,5.76078668075401,58.0684297125,5.88431535445081,235.721196060795,7.88704508081856,764.460733816626,9.58018456282182,731.063116935291,9.51582422976491,1019.4820666,9.99503511411299,24.26743951,4.65920757027468,69.7931497,6.14553785954617,10.4260228,3.51425140874333,66.068477,6.0675629363989,0.701218,0.766568024814942,2.09941,1.6319936119237901,0.248887,0.320642946990166,25.9404131,4.75170006791297,17.721225,4.22660293384731,4.90297,2.56144100975749,1.78212733,1.47618844941136,0.5970564,0.675415262381916,0.629818,0.704710869267778,0.9635849,0.973489977510793,1.1492519,1.10383458168762,0.6577786,0.729251344583821,0.425435,0.511402253715918,0.835778,0.876391604686433,0.2938635,0.371685423929753,1.259706,1.17613508240459,1.4843129,1.31284689290175,WT,WT,NA,NA,NA,WT,WT,TRUE,included_ok,ok,ok,0.265888,0.3401497673315138,2.100406,1.6324571496394509,5.183157,2.628343638340645,30.057256,4.95685846388911,0.4055369,0.4911213297397424,0.611249,0.6881794631979495
GLSS-19-0268,GLSS-19-0268-TP,Tumor Primary,Grade4,WXS,"WXS, RNA",TRUE,GLASS,GLASS_WXS,687.489454,9.42729074569135,45.5395946,5.54038673856752,31.51397538,5.02298805541829,127.734045496135,7.00824983442111,814.52603841008,9.6715871303359,315.117493400347,8.3043170634974,190.107319470013,7.57823922481885,22.8111062,4.57356274078678,88.9418252,6.4909202559709,21.42434,4.48699361881722,89.776095,6.50424052273897,0.0692412,0.0965873336873788,1.33372,1.22263147670775,0.3142433,0.394232380082768,14.121743,3.91855253553945,30.7674512,4.98947743773605,0.242568,0.313324805975378,0.648419,0.72108299761227,0.3075092,0.386821097713272,1.089097,1.06287948051898,0.0872739,0.12071542186936,0.1849527,0.244829471918994,0.0999829,0.13748109622543,0.0938289,0.129387085089686,0.170658,0.227319663568427,0.2375394,0.307474457539519,0.447795,0.533857339008911,2.007045,1.5883464577992,WT,WT,NA,NA,NA,WT,WT,TRUE,included_ok,ok,ok,0.1082378,0.14826748072886858,0.277296,0.35309289328457927,0.1614731,0.2159557413649698,26.477752,4.780192074621499,2.560898,1.8322411110725745,0.8837819,0.9136319426563488
GLSS-19-0269,GLSS-19-0269-TP,Tumor Primary,Grade4,WXS,"WXS, RNA",TRUE,GLASS,GLASS_WXS,1486.93249,10.5390933550921,92.1473246,6.54144242721324,81.12803885248,6.35980294304735,267.599921159471,8.06931507107449,1717.24636722467,10.7467211938338,1614.8915643538,10.6581146728397,1388.2021816054,10.4400408661072,54.1684872,5.78577251510857,197.2742317,7.63135338265033,22.748814,4.56978356289761,99.964438,6.65770342180718,2.97139,1.98964404392413,16.848,4.15769051358205,4.7342729,2.51961056556692,84.569736,6.41902873447092,45.5567837,5.54091949032569,16.437176,4.12409450537552,3.20695098,2.0727750077138,4.063669,2.34018310230461,2.52376,1.81711566699362,1.6096051,1.38383150665106,0.2723871,0.347537650410082,0.9388154,0.955175446981193,0.99958,0.999697002225533,0.4209,0.506805024263547,0.185849,0.245920316106219,0.531545,0.614987756961728,1.154307,1.10722385611134,WT,WT,NA,NA,NA,WT,WT,TRUE,included_ok,ok,ok,0.629083,0.7040601094729684,1.924024,1.5479551527879165,0.367036,0.4510512358756497,81.22566,6.361516778062428,7.379618,3.0668844775681725,1.8021618,1.4865402610215095
GLSS-19-0271,GLSS-19-0271-TP,Tumor Primary,Grade4,WXS,"WXS, RNA",TRUE,GLASS,GLASS_WXS,991.558721,9.95500864617589,50.437212,5.68474054270916,58.90851607,5.90468919337177,231.648425944006,7.8620076158965,1640.11270499572,10.6804586053875,823.7634287,9.68783655254514,909.518039287934,9.83054379009978,35.470474,5.18865704512364,86.665744,6.45394130453735,17.881246,4.23888206820505,107.778268,6.76524654985309,0.259592,0.332956499679499,2.33619,1.73820145432578,0.15287799999999999,0.205239852011825,50.32574,5.68161061774017,86.600556,6.45286812151629,4.18378,2.37400449143936,1.35047729,1.23295374147074,0.0216815,0.0309455191861802,0.7800373,0.831907472630556,0.5471124,0.629578014519276,0.2769539,0.352706442470633,0.9500809,0.963533976081454,0.892825,0.920541033702552,0.498724,0.583734725852059,0.458645,0.544628807821991,0.387839,0.472840213900438,0.6005762,0.678591362135121,WT,WT,NA,NA,NA,WT,WT,TRUE,included_ok,ok,ok,0.34923,0.43213630201155456,0.447261,0.5333251219045985,0.767706,0.8218783496094398,60.086528,5.932782338587079,6.856114,2.9738158647393376,0.556881,0.6386586764202286
GLSS-19-0272,GLSS-19-0272-TP,Tumor Primary,Grade4,WXS,"WXS, RNA",TRUE,GLASS,GLASS_WXS,1542.34816865,10.5918478452892,68.5787034,6.1205738894557,79.6091291792981,6.33287133160426,244.849227,7.94163000881359,2466.2691562,11.2686993935444,3391.2843859,11.7280414053089,1986.45587158012,10.9567071125764,45.0075031,5.52379725611017,143.939790618,7.17930990507457,23.3022697,4.60301915489208,121.328566,6.93461752916149,0.384041,0.468886681139774,4.14003,2.36177677979365,1.02904,1.02079730631331,76.75174,6.28080305644934,40.8404226,5.38682551817024,4.14631,2.36353836379388,13.0092238,3.80830511839965,6.9255562,2.9865121843151,1.354727006,1.23555981146467,1.426341,1.27878232227918,0.7702782,0.823976098286775,0.8168686,0.861454084413374,0.327538,0.408753157923528,0.838934,0.878869701837192,0.345861,0.428529416660046,6.460236,2.89922126997706,2.523681,1.81708332251334,Mut,Missense_other,p.L130F,Missense_Mutation,NA,WT,WT,TRUE,included_ok,ok,ok,0.5248704,0.6086866320377659,2.161017,1.660388794100287,0.5114243,0.5959087230942984,52.181,5.732839000354414,8.717667,3.280609995772767,2.609882,1.851951678996887
GLSS-19-0273,GLSS-19-0273-TP,Tumor Primary,Grade4,WXS,"WXS, RNA",TRUE,GLASS,GLASS_WXS,1425.79798,10.4785653630745,118.9618702,6.9064321088182,92.0966992051053,6.54065811202863,413.149003677652,8.69400610772033,1984.76427878413,10.9554786618019,1920.9488838300001,10.9083542513536,2355.88442222137,11.2026652975665,43.7826273,5.48486726536219,193.851015,7.60622763645567,44.951147,5.52202896838337,114.888475,6.85659328858596,0.0382582,0.0541652659862756,33.3686,5.10301917981857,1.64532,1.40344225333691,624.08839,9.28791639682678,261.809433,8.03787324891322,1.157233,1.10918200857552,15.0763516,4.00686813039674,2.4637324,1.79232747506873,0.401726,0.487204368554078,1.186021,1.12830726031921,0.6880267,0.755337723744713,0.995054,0.996427796311213,0.465488,0.551381154713657,0.564591,0.645785571286236,1.61895318494,1.38899027104454,4.676598,2.50502657780416,1.786474,1.47844069199629,WT,WT,NA,NA,NA,WT,WT,TRUE,included_ok,ok,ok,0.101642,0.13965546824986455,0.914553,0.937007598437647,0.4944709,0.5796348054573435,61.397338,5.963412576921704,19.16568,4.333830150077572,5.5823836,2.7186101045071833
GLSS-19-0274,GLSS-19-0274-TP,Tumor Primary,Grade4,WXS,"WXS, RNA",TRUE,GLASS,GLASS_WXS,744.78991,9.54262546839414,39.6420924,5.34490277400029,50.95991013155,5.69932703042914,139.58508734165,7.13529975744772,1342.670059498,10.3919632100087,1263.492076,10.3043422809742,790.465241097,9.62838218246426,63.918872,6.02056602739579,60.134424,5.93391306656923,32.905146,5.08343235188467,79.618427,6.33303772896399,0.245626,0.316870963273635,1.33159,1.22131411916855,0.667005,0.737258431537519,64.82947,6.04066167740072,88.54423,6.48452856653377,8.84543,3.29945421733254,7.4486935,3.07872826129994,0.578616,0.658660276790196,7.35749800296215,3.06307110510837,6.755573,2.95523337490672,3.771426,2.25442049802855,4.514726,2.46328920707481,2.3420846,1.74074825358332,3.44324,2.15161207010291,1.822628,1.49703900554322,4.94901,2.57264960339101,2.678447,1.87909680479034,WT,WT,NA,NA,NA,WT,WT,TRUE,included_ok,ok,ok,6.54322,2.915180503119276,7.07082,3.0127152596039535,6.027475,2.8130064162768846,58.202725,5.887591677050853,2.737858,1.9022117626124744,0.5823395,0.6620591715037935
GLSS-19-0278,GLSS-19-0278-TP,Tumor Primary,Grade4,WXS,"WXS, RNA",TRUE,GLASS,GLASS_WXS,641.01415,9.32646128448969,65.608789,6.05764064771134,56.447848,5.84418094532397,244.998925572353,7.94250820422207,1384.6028849172,10.4362981236293,871.25473810797,9.76860571896859,1123.22392650093,10.1347137094349,40.428558,5.37255370032507,124.348364,6.96979935655296,25.072053,4.70443228483037,92.569963,6.54797357784151,0.303779,0.382699343016089,1.40813,1.26791327635546,0.5587127,0.640355036770976,186.03437,7.54715959824214,92.442773,6.54601118303923,2.739477,1.90283651014825,2.5546451,1.82970552664381,0.1134278,0.155008009891235,1.0111,1.00798482004068,1.4887053,1.31539540372178,0.876407,0.907972787979387,1.6124471,1.38540182404889,1.26928924745,1.18224050908339,1.16555,1.11473348292004,0.2225327,0.289873054541029,0.746213,0.804229547112458,1.673273,1.41860717601526,WT,WT,NA,NA,NA,WT,WT,TRUE,included_ok,ok,ok,0.567735,0.6486817160245496,0.976875,0.9832216507426692,0.220752,0.28777014159423236,53.4738,5.767490605537997,3.147361,2.052193629651028,0.810886,0.8566957277285151
GLSS-19-0279,GLSS-19-0279-TP,Tumor Primary,Grade4,WXS,"WXS, RNA",TRUE,GLASS,GLASS_WXS,156.606716,7.30018520257316,5.02490392,2.59093823466297,8.29694946353,3.2167574134475,25.457800568471,4.72562123054606,227.753031013665,7.83764704923441,97.708647352387,6.62510457213168,88.6913097061355,6.48689630242626,4.743105619141,2.52183109399101,74.5309623,6.23899626250165,6.0989324,2.82760207573903,26.807675,4.79741122086677,0.121597,0.165554395606938,0.252422,0.324720756141226,0.291165,0.368673376687743,3.6853173,2.22814675367648,5.50400762,2.7013289476543,0.91536,0.937615578261329,0.2362286,0.30594554711899,0.269426,0.344176296880113,0.0747135,0.103952113565515,0.225252,0.293078501685622,0.121266,0.165128571950298,0.0476596,0.0671700401911942,1.7743303,1.47213955904022,0.0948035,0.130671952004557,0.2295276,0.298104120404683,0.354789,0.438068178252742,2.263796,1.70655088605147,Mut,Truncating,p.Q167*,Nonsense_Mutation,p.R132H,IDH1_R132H,Mut,TRUE,included_ok,ok,ok,0.0601104,0.08421451501380044,0.1030105,0.14144652458825074,0.12303367,0.16740118224772235,12.814377,3.78809859592469,0.4784453,0.5640808671453607,0.0994591,0.13679393677616633
GLSS-19-0280,GLSS-19-0280-TP,Tumor Primary,Grade4,WXS,"WXS, RNA",TRUE,GLASS,GLASS_WXS,706.115112,9.46580128174481,54.80075,5.80221260787389,42.989064082,5.4590730014634,177.229134000314,7.47758937423431,1553.46552983521,10.6022029100338,1205.6269578,10.2367640044033,1335.10234432161,10.3838148059397,26.7892275,4.79645382516497,157.35511,7.30701961257316,31.8716176,5.03877054753549,128.531152,7.01715529487687,2.45204,1.7874491816279,29.1767,4.91536314217206,11.85929,3.68473908422848,170.332671,7.42065647135096,166.666676,7.38945216939344,12.30878,3.73430642206354,14.043573,3.91107535719415,3.598628,2.20120349750873,0.416481,0.502311250223165,0.2046133,0.268570092755209,0.0899933,0.124319267032952,0.6339504,0.708364189872755,0.1755354,0.233317984873928,0.173868,0.231270188301349,0.187486,0.247910504728105,1.772314,1.47109067038548,0.4911599,0.576434968934628,WT,WT,NA,NA,NA,WT,WT,TRUE,included_ok,ok,ok,0.0729443,0.1015751830845879,0.2357003,0.3053288822936333,0.0705756,0.098386676988275,20.163352,4.403496244588067,10.590376,3.5348554640390373,0.643962,0.7171769516685279
GLSS-CU-P003,GLSS-CU-P003-TP,Tumor Primary,Grade4,WXS,"WXS, RNA",TRUE,GLASS,GLASS_WXS,4550.71673,12.1521950609049,44.9666177877557,5.52251461180684,27.128193,4.81394496948543,43.8024925008966,5.48550709097951,785.618278722074,9.61951990048385,832.357377168,9.70279150373305,442.038697200877,8.79128890621094,15.422463,4.03759861003052,37.609511,5.27088437715619,28.671008,4.89098203457709,95.517995,6.59272604117454,0.180337,0.239198824685391,1.26588,1.18007145869193,0.563719,0.644981283918144,39.534333,5.34107249833733,55.136584,5.81086937113177,2.54167,1.82442979324653,1.3470931,1.23087506906364,0.3336981,0.415432130596484,0.416337,0.502164577838235,0.755149,0.811593510550611,0.5870339,0.666332945337264,0.6045415,0.682161104091472,0.139013,0.187784213181672,0.795057,0.84402965592114,0.381709,0.466453803524199,9.88326,3.44403886483597,2.454769,1.78858924934122,WT,WT,NA,NA,NA,WT,WT,TRUE,included_ok,ok,ok,1.162237,1.1125246636763428,0.320858,0.4014753767229814,0.6057085,0.6832100100563533,19.219494,4.337674988625574,4.049282,2.3360782534714915,3.42414,2.1453970397566047
GLSS-CU-P021,GLSS-CU-P021-TP,Tumor Primary,Grade4,WXS,"WXS, RNA",TRUE,GLASS,GLASS_WXS,7262.933972,12.8265353734829,49.2422844,5.65083015660151,28.0121386618,4.85858474419945,37.2159575369847,5.25610327378386,581.285262794171,9.18558229547375,975.69675229,9.93176688924826,914.9306834014,9.83909461069847,13.29559452797,3.83749871518643,72.4848640079873,6.19937521736218,26.094398,4.75992268768161,129.002564,7.02239626713312,0.912425,0.935403170419808,4.89262,2.5589092334741,1.318935,1.21346238165192,49.403,5.65543770076168,15.925661,4.08114027154145,2.028279,1.59849812915912,5.855133,2.77718465675272,1.76501334,1.46728644085977,5.006626,2.58655483787089,2.2844159,1.71563682470291,0.6872871,0.754705475999736,2.21379,1.68427566147823,0.506261,0.590971777168327,13.1598,3.82372898311577,2.636726,1.8626402336483,4.591223,2.48316388647644,5.526761,2.70636721098453,Mut,Missense_other,p.P152L,Missense_Mutation,NA,WT,WT,TRUE,included_ok,ok,ok,1.8413563,1.5065797537423258,0.6593463,0.7306150033257591,2.3033760333,1.723941205317855,14.715529,3.9741189303604374,3.813579,2.2671099679087523,3.94925,2.3072099184730037
GLSS-CU-P046,GLSS-CU-P046-TP,Tumor Primary,Grade4,WXS,"WXS, RNA",TRUE,GLASS,GLASS_WXS,3029.935964,11.5655476566142,43.786216,5.48498287251989,48.623785466,5.63295988785085,52.15723362454,5.73219412162325,1218.93890511447,10.2525931836835,746.70519,9.54632573694229,810.029294502746,9.66361021552498,17.1310411,4.18038986314006,52.9068873,5.75239770253647,19.746015,4.37476233776309,71.5345029,6.1805955082488,3.66662,2.2223779943139,8.50194,3.2482220968797,1.35487,1.23564741842317,40.7418717,5.38342338709011,54.325807,5.78988068468061,9.544118,3.39836651574261,2.592393,1.84494518642004,0.611794,0.688667367830173,2.490396,1.80339072549692,2.713108,1.89262727824098,1.143337,1.09985870489301,5.368717,2.67100276586182,1.653135,1.40769808637525,5.36304,2.66971619083687,1.077223,1.05465610483174,1.16321000296669,1.11317372795919,0.94241,0.957847754070973,WT,WT,NA,NA,NA,WT,WT,TRUE,included_ok,ok,ok,1.35672,1.2367803633368035,0.347477,0.4302606479172024,3.5718579,2.192780563186854,23.475011,4.613237603118453,1.19388,1.1334846159236314,2.81938,1.9333384645643852
GLSS-CU-P053,GLSS-CU-P053-TP,Tumor Primary,Grade4,WXS,"WXS, RNA",TRUE,GLASS,GLASS_WXS,13431.68173,13.713459735867,57.868407616,5.87942169832245,30.3468915605433,4.97025048360748,28.218060001715,4.86878848525259,1018.13610475331,9.99313101971867,1164.70539303526,10.186987509126,1428.2808263658,10.4810736909495,16.366806186,4.11826055686433,46.917983,5.58249527728076,34.2989635,5.14155391647549,69.966606,6.14906840553889,0.143665,0.19366452273184,11.7168,3.66866377770022,1.60263,1.37997022718318,48.86779,5.64003636312623,107.768891,6.76512218002478,3.06561,2.02347182904106,1.525827,1.33675582883676,0.418876,0.504748513287187,0.661723,0.732679912895118,0.492736,0.577959038098978,0.2728135,0.348021042698446,0.61713,0.693435660763702,0.2070982,0.271543047170129,1.7062,1.43626846471939,1.70034,1.43314106854727,2.38426,1.7588404095635,1.068942,1.04889320175412,WT,WT,NA,NA,NA,WT,WT,TRUE,included_ok,ok,ok,0.0948589,0.13074495440463663,0.484574,0.5700490076204384,0.1613407,0.2157912746103633,55.05464,5.808761893929219,3.456627,2.155952218799125,5.541139,2.7095418722029527
GLSS-CU-P055,GLSS-CU-P055-TP,Tumor Primary,Grade4,WXS,"WXS, RNA",TRUE,GLASS,GLASS_WXS,4154.951671,12.0209631620962,48.94444,5.64225217568992,39.088985,5.32513398571095,58.96183682838,5.90597267334668,821.036478,9.68305860492502,751.549246179086,9.55564218346589,490.443566003066,8.94088194668235,21.1622906489,4.47003509798108,56.484409,5.84509881427645,53.800041,5.77610506746139,124.895631,6.9760844073511,0.317153,0.397422938244895,5.41835,2.68220246358303,5.75259,2.7554409634182,100.93364,6.67148643609709,78.770842,6.31778960086996,7.77201,3.13290745666976,6.0196037,2.81138958378005,0.461134,0.547088493179404,2.0016,1.58573173296593,1.061318,1.04356708694091,0.867092,0.900793017373251,0.83193348,0.873367118163861,0.3181906,0.398558987792118,2.15152,1.65604781831176,0.744963,0.803196446015193,2.88848,1.959206318449,0.797096,0.845667478978401,Mut,Truncating,p.R209Kfs*6,Frame_Shift_Del,NA,WT,WT,TRUE,included_ok,ok,ok,0.51571025,0.5999939877827977,0.390301,0.47539726006838534,1.0370277,1.026465598556585,31.49742,5.0222532806914035,27.40443,4.828044047174331,19.62451,4.366287938901936
GLSS-CU-P069,GLSS-CU-P069-TP,Tumor Primary,Grade4,WXS,"WXS, RNA",TRUE,GLASS,GLASS_WXS,3827.77512,11.9026672118159,54.0591034,5.78290921170595,30.43887439,4.97447766041533,47.7739836164,5.60803990422894,1123.12042559606,10.1345808825908,419.4686879,8.7158545574528,640.388084575,9.32505374205096,17.2625859804901,4.19081916015897,71.606025,6.18201736593155,16.470757,4.12687021582006,120.836248,6.92879960897832,0.0237432,0.0338538690981672,1.81767,1.49450265591947,0.339241,0.421415600855763,23.967828,4.64199841875978,39.4046822,5.33645058081771,4.56571,2.47656573934478,0.7625427,0.817658209189179,0,0,0.195296,0.257367927706007,0,0,0.123753,0.168324967200764,0.902409,0.927827445377375,0.390381,0.475480272511594,0.586052,0.665440071743225,0.322104,0.4028356673016,0.761879000331928,0.817114848426762,1.42182,1.27609164176322,WT,WT,NA,NA,NA,WT,WT,TRUE,included_ok,ok,ok,0.6369065,0.7109719175122736,0,0,0.109111,0.14940375786742802,31.226586,5.010179456050868,2.092057,1.62856691462478,3.192044,2.067653859587353
GLSS-CU-P101,GLSS-CU-P101-TP,Tumor Primary,Grade4,WXS,"WXS, RNA",TRUE,GLASS,GLASS_WXS,11773.015598,13.52331882357,145.965492024787,7.19933363511505,49.35050872,5.65393444956656,91.7990474,6.53603809077523,1780.02236242606,10.7984899156208,1905.002552,10.8963343355759,786.092624967066,9.62038961167977,59.761628,5.92508861969875,149.355196,7.23223091544456,46.729174,5.57679946424594,260.53736,8.03087323657912,13.9749,3.90447446384561,41.9794,5.42557343751656,6.05486,2.81861745357948,112.068279,6.82105043167331,160.354251,7.33408777699425,14.67835,3.97070183214195,9.897351,3.44590557267602,9.8184002,3.43541526741895,4.08359,2.34584767927697,4.715746,2.5149418064473,0.4270117,0.512997163449122,2.021264,1.59515225319856,0.901064,0.926807101648956,4.5933,2.48369971221248,6.695306,2.94397869574193,9.6544,3.41337744526771,1.920072,1.5460039419691,WT,WT,NA,NA,NA,WT,WT,TRUE,included_ok,ok,ok,0.751434,0.8085366235000999,1.55632,1.354068444076942,0.6812326,0.7495193365028006,42.496679,5.442833349339961,6.41458,2.890364973316669,4.08566,2.3464350143854347
GLSS-CU-P102,GLSS-CU-P102-TP,Tumor Primary,Grade4,WXS,"WXS, RNA",TRUE,GLASS,GLASS_WXS,3487.56093,11.7684163161375,64.9674922359192,6.04368335657614,48.7447160019749,5.63647138230025,39.8706219443229,5.35299229247063,889.907533875275,9.79913189386527,615.3950032568,9.26771135661468,517.626230256284,9.01855136415661,20.4130742324718,4.42042003033761,108.492165,6.77468382745449,19.35259,4.34714049342772,214.021527,7.74833729303808,0.119715,0.163131571203124,4.3966,2.43205075764545,0.51299584954,0.597408029949711,64.644309,6.0365980377136,32.848305,5.08101168557624,10.416719,3.51307619545404,1.09608,1.06769378052075,0.327219,0.408406444668598,0.196202,0.258461034846031,0.3529395,0.436097327118233,0.230917,0.29973348503486,1.16311,1.1131070321142,0.688646,0.755866919866588,0.168695,0.22489847187144,1.499352,1.32155409986091,0.847735,0.885757861948747,1.502434,1.32333201945953,WT,WT,NA,NA,NA,WT,WT,TRUE,included_ok,ok,ok,0.7300391,0.790804644069312,0.5097464,0.5943062328689074,1.3594104,1.2384263853208677,14.138,3.92010270703537,1.487842,1.3148948644658642,2.449196,1.786260112038469
GLSS-CU-R001,GLSS-CU-R001-TP,Tumor Primary,Grade4,WXS,"WXS, RNA",TRUE,GLASS,GLASS_WXS,3038.6999,11.5697131826227,28.726902983,4.89369726268034,10.2172435341348,3.48764629416691,44.5410054,5.50909423681387,871.176997568093,9.76847713165945,734.763401836061,9.52309810568499,354.095891694037,8.4720648588722,19.18989890376,4.33556178161374,57.286634,5.86509318461339,8.079986,3.18269007309481,77.172707,6.28859309182315,0.241446,0.312021509016536,10.8194,3.56308489529323,1.31561,1.21139229199523,50.128458,5.67605461085356,30.687569,4.98584507848971,4.78395,2.53205508080497,2.120202,1.64163943131981,0.0914046,0.126186029438185,0.120021,0.1635257825613,0.110583,0.151317217480777,1.006196,1.00446256029442,0.1715348,0.228399809550381,0.0992843,0.136564548395805,0.170435,0.227044816738257,0.2118817,0.277248874427007,1.211591,1.14508460581228,0.1890015,0.249750535135038,Mut,Missense_other,p.Q331H,Missense_Mutation,NA,WT,WT,TRUE,included_ok,ok,ok,0.223275,0.29074876734685084,0.4588985,0.5448795140711258,1.92917467,1.5504942253201317,20.393923,4.419129148391033,1.273148,1.18469161812629,2.195539,1.6760592948788
GLSS-CU-R002,GLSS-CU-R002-TP,Tumor Primary,Grade4,WXS,"WXS, RNA",TRUE,GLASS,GLASS_WXS,1822.58553,10.8325621513573,21.8686852025,4.51530151763913,11.03274732598,3.58889417223525,77.533352,6.29523357113753,436.28047661278,8.77241512721125,523.741785800133,9.0354638678178,153.708565662131,7.27340926565781,17.7924928002063,4.23208454599655,30.45465,4.97520140407613,16.551465,4.13351955048983,65.691058,6.05942143135153,1.83884,1.50530153954791,2.8366,1.93982835886875,1.286683,1.19325638060471,24.410701,4.66736427017134,16.691958,4.14502181734036,6.01203,2.8098321684817398,2.623068,1.85721188344567,0.7567194943,0.812883846161452,0.3523832,0.435503999555086,0.4203479,0.506244346723161,2.7240561,1.89687480613574,0.2877483,0.364850635512037,0,0,0.60971,0.686800800609016,0.416454,0.502283750286806,5.047605,2.59636391284749,0.3955056,0.480787913781278,WT,WT,NA,NA,NA,WT,WT,TRUE,included_ok,ok,ok,0.191209,0.2524265591386927,0.867908,0.9014233997947212,3.764867,2.2524359452751272,9.621727,3.4089464497086928,4.398714,2.4326157912063864,1.867354,1.5197200289304118
GLSS-CU-R003,GLSS-CU-R003-TP,Tumor Primary,Grade4,WXS,"WXS, RNA",TRUE,GLASS,GLASS_WXS,921.141548,9.84884440997789,8.763376,3.28738009208003,12.1439115003191,3.71632276646567,28.9194289762595,4.90301073598925,269.088595510514,8.07728891311739,183.568810002581,7.52801496455457,174.221037702762,7.45303219055483,11.883698156443,3.68747486117836,25.0693271,4.70428143947844,10.73768,3.55307537699356,42.28645,5.43584358226129,0.196229,0.258493598181071,2.1006,1.63254741977885,0.630448,0.705268429839261,53.307691,5.76308462039097,34.1657,5.13609703042089,3.94853,2.30700002485418,4.755424,2.52492221509336,0.0742104,0.10327659416873,0.160669,0.214956602570883,0.255428,0.328179291037509,0.945369,0.960043833349291,0.3483708,0.431217290109536,0.0656525,0.0917370644961855,0.0690572,0.0963390466492566,0,0,0.0430463,0.0608031993704718,0.2615869,0.335239584737606,WT,WT,NA,NA,NA,WT,WT,TRUE,included_ok,ok,ok,0.1179873,0.16090379969175925,0.7451281,0.8033329404186931,1.690250178,1.4277403414722982,3.297273,2.103421432507554,0.77508637,0.8278892232309416,0.473678,0.5594213286721065
GLSS-CU-R004,GLSS-CU-R004-TP,Tumor Primary,Grade4,WXS,"WXS, RNA",TRUE,GLASS,GLASS_WXS,416.362403,8.70515683471795,15.26967,4.02411308380857,9.96618590247304,3.45498993089375,220.137286537758,7.78879849203317,276.501198,8.11635018950748,269.669027573542,8.08038600040658,138.231806,7.12134500668658,16.1062843342,4.09645452012862,13.5676225319,3.86469354049081,39.945138,5.35562024517291,79.54246,6.33167763192893,0.298902,0.377292585945554,0.554808,0.636736435950691,0,0,8.428323,3.23700118397162,7.046577,3.00837519374181,17.3866,4.20058282006213,1.426661,1.27897258076815,0.790746,0.840560719497261,1.051503,1.03668126394625,1.41619,1.27273390717952,18.013737,4.24897020507053,1.211564,1.14506699269852,0.36943,0.453575522900615,0.75238,0.809315654317285,0,0,1.0725900173403,1.05143476263788,1.238852,1.16275916154323,WT,WT,NA,NA,NA,WT,WT,TRUE,included_ok,ok,ok,1.189571,1.1306482320180784,0.0526364,0.07400718897193279,2.4346592,1.7801669564343976,23.25908,4.600452933696769,0.8969407,0.9236745795648222,0.698891,0.7645932928964653
GLSS-CU-R005,GLSS-CU-R005-TP,Tumor Primary,Grade4,WXS,"WXS, RNA",TRUE,GLASS,GLASS_WXS,1408.42938,10.4608954775926,15.4691975318737,4.04169835578096,11.97178286776,3.69730487499418,52.108048201973,5.73085860415096,206.446485785421,7.69659540744277,240.131287838311,7.91367504884692,149.00494232749,7.22886622485519,11.0538138089272,3.59141778015556,31.308683,5.01385003805969,7.9328366,3.15911837231477,54.483159,5.79397802645459,0.339011,0.421167812477208,1.41375,1.27127625917593,0.393494,0.478706790609012,24.940044,4.69710902160604,14.51683,3.95576194813394,5.47497,2.69487350848236,1.4377647,1.28555887963913,0.0880914,0.121799748489305,0.1259353,0.171123927728111,0.211393,0.276666979955001,3.294861,2.10261144036124,0.350145,0.433114355089005,0.221491,0.288643233803121,0.216876,0.28318216451882,0.334522,0.416323088941312,0.184298,0.244032146024093,0.0759743,0.10564361906057,WT,WT,NA,NA,NA,WT,WT,TRUE,included_ok,ok,ok,0.101745,0.13979034931190198,0.0219151,0.03127534314754286,3.71538500033566,2.2373755684399814,13.313748,3.839329580580274,1.6253476,1.3925084504345084,1.716425,1.4417092150115292
GLSS-CU-R006,GLSS-CU-R006-TP,Tumor Primary,Grade4,WXS,"WXS, RNA",TRUE,GLASS,GLASS_WXS,810.678367,9.6647643528291,6.9804284,2.99646619431308,3.603890666,2.20285357250304,14.3598536,3.94109256019379,132.794047287754,7.06387011936038,105.73209102,6.73785020468679,106.919476573477,6.75381144589148,1.9017709,1.5369336205483,7.3027022,3.05358095285417,2.401117,1.76600863627699,20.716341,4.44070913790783,0.0575723,0.0807562952941156,0.292126,0.369746759437305,0.256301,0.329182164214841,1.70538,1.43583125047047,3.2795608,2.09746274424913,3.99845,2.32148079008886,0.0943741,0.1301059922044,0,0,1.10778,1.07572429322162,0.458995,0.544974939124505,0.0917806,0.126682966977646,0.204155,0.268021109156232,1.76399,1.46675239612541,0.201096,0.264351465938538,0.193517,0.25521911576282,0.509423,0.593997162713382,0.140351,0.189477954230863,WT,WT,NA,NA,NA,WT,WT,TRUE,included_ok,ok,ok,0.3867708,0.4717293644261682,0.0816622,0.11325001998292998,0,0,2.00098,1.585433704142144,0.116719,0.15926620613700765,0,0
GLSS-CU-R007,GLSS-CU-R007-TP,Tumor Primary,Grade4,WXS,"WXS, RNA",TRUE,GLASS,GLASS_WXS,781.281930037668,9.61154483025514,7.0597252,3.01073065024756,8.753739448573,3.28595543420767,31.5820499,5.02600546877936,122.465187528,6.94796050396812,175.364741872695,7.46241836172679,92.5595461832152,6.54781295870668,9.37290720609706,3.37474838865374,18.016517,4.24918112620825,7.259546,3.04606248363632,22.696949,4.56662941789629,0.244176,0.315190582226639,3.09363,2.03338071123093,0.629238,0.704197368958149,27.173378,4.81626064871997,15.57794,4.05119284138169,4.876836,2.55503963879152,2.1898353,1.67348193558657,0.0407563,0.0576322915564386,0.615571,0.69204415456309,0.50519500377477,0.589950405758582,1.123211,1.08624775020109,0.702053,0.767275961610639,0.578516,0.658568884029845,0.389349,0.474409045197716,0.1314444,0.178165691263997,0.513447,0.597838153740919,0.1414744,0.190898504409575,WT,WT,NA,NA,NA,WT,WT,TRUE,included_ok,ok,ok,0.161366,0.21582270361905911,0.087913,0.1215631894126122,1.5751704,1.3646678991313057,7.769634,3.1325166331599306,0.80267589,0.8501400324206974,0.6944265,0.7607970576626827
GLSS-CU-R008,GLSS-CU-R008-TP,Tumor Primary,Grade4,WXS,"WXS, RNA",TRUE,GLASS,GLASS_WXS,707.582530020999,9.46879208627418,4.5985412,2.48505095615276,7.02773120031562,3.00499231046435,33.91850235318,5.12591977831135,63.0258935,6.00058357608027,77.31248,6.29117033087615,43.0165632,5.4599745993199,15.3489974,4.03113026024995,17.795807,4.2323389538652,5.668337,2.73732701613345,23.890014999999998,4.63749519464862,0.619639,0.695672287833833,2.05299,1.61022286403731,0.737307,0.796852715615436,17.432639000000002,4.20419073121987,4.30598,2.40761923758033,4.90006,2.56072962587487,1.1921868,1.13237073805721,0.0344122,0.0488111957052218,0.608864,0.686042377759208,0.472268,0.558040312073034,1.850683,1.51130761845681,0.1510867,0.202996501540815,0,0,0.290724,0.368180537127855,0.149449,0.200942456417691,0.0914089,0.126191713468155,0.1018617,0.139943155628409,Mut,Missense_other,p.R158H,Missense_Mutation,NA,WT,WT,TRUE,included_ok,ok,ok,0.593726,0.6724036165178877,0.11759,0.16039101693467953,3.0407637,2.0146279865607237,6.2327916,2.85455258357395,1.331462,1.221234915691824,0.64453800000000006,0.7176823446148864
GLSS-CU-R009,GLSS-CU-R009-TP,Tumor Primary,Grade4,WXS,"WXS, RNA",TRUE,GLASS,GLASS_WXS,2656.36442,11.3757803713071,27.46316476,4.83102417592668,18.371933,4.27589601322578,39.97633667264,5.35671910655586,257.547687,8.01428658812317,387.37302157,8.60129917683721,141.809976007799,7.15795295229495,10.2789785492553,3.49556451469409,64.260744,6.0281435297427,9.570879,3.40202344097552,90.417698,6.51440158561012,0.410115,0.495812824442679,9.93802,3.45127970004613,0.9992797,0.999480319793993,10.337652,3.50304998748691,6.889718,2.97997373531196,1.62238,1.39087675664776,0.571857,0.652469974101036,0.140481,0.189642412073894,0.7305224,0.791207615967251,0.201082,0.264334649757079,0.120853,0.164597080928969,0.8272032,0.869637082422461,0.520292,0.604348446361836,1.03223,1.02306369004396,0.374958,0.459387550188454,0.972379,0.979936797600249,1.340104,1.22657264816343,Mut,Missense_other,p.H193R,Missense_Mutation,p.R132H,IDH1_R132H,Mut,TRUE,included_ok,ok,ok,0.193455,0.2551441696867408,0.0936232,0.12911575355215377,0.0751533,0.10454238016978468,8.050749,3.178037188203847,0.3323599,0.41398383902454367,0.795429,0.8443286029478825
GLSS-CU-R010,GLSS-CU-R010-TP,Tumor Primary,Grade4,WXS,"WXS, RNA",TRUE,GLASS,GLASS_WXS,895.96147,9.80890220364411,7.1072536,3.01921327218586,9.24236423089236,3.35647686398417,60.2921332,5.93763001184323,207.667016526997,7.70505876509968,229.244806751823,7.84702480599194,203.506960020257,7.67600613326371,20.8752079192289,4.45122482440901,14.863577,3.98764620882379,9.965771,3.45493534591139,43.552816,5.47744471632797,1.48023,1.31047391273858,3.58056,2.1955239869325,1.10926,1.07673694131041,24.2633297118,4.65897289403339,12.163473,3.71846826928316,7.16147,3.02882902605811,1.4338103,1.28321672355092,0.32234,0.403093170225129,0.1803103,0.239166189604671,0.3413532,0.423689172212462,2.27812,1.71286866720008,0.0847937,0.117420705079197,0.20764,0.272190448355293,0.219124,0.285844873363281,0.177467,0.235686627053775,0.875298,0.907119869721184,0.391619,0.476764281554381,WT,WT,NA,NA,NA,WT,WT,TRUE,included_ok,ok,ok,0.3707111,0.4549245313524421,0,0,5.57056779,2.71601804519346,6.63232,2.932121660433427,0.9388379,0.9551921893951784,0.788606,0.8388356207892463
GLSS-CU-R012,GLSS-CU-R012-TP,Tumor Primary,Grade4,WXS,"WXS, RNA",TRUE,GLASS,GLASS_WXS,1059.296243,10.0502516896355,14.5532094736477,3.95914041247423,15.5344728570599,4.04740514594234,61.0123015,5.95448252897792,225.79259991133,7.82522975666245,166.093210092,7.38450929980085,83.7238685021958,6.40469655935354,20.754622561418,4.44325008149717,49.456816,5.65697726501566,12.578236,3.76322416067364,66.0945723,6.06812415739934,0.0969186,0.13345647037781,0.83447,0.875363311670064,0.64888,0.721486408051046,12.710517,3.77721106857731,10.147012,3.47858513682754,5.76569,2.75823707519449,3.2476039,2.08664923738747,0.0913311,0.126088868718685,0.154071,0.206731983252877,0.0881712,0.121905551037503,3.81058,2.26621084673512,0.796616,0.845282087147478,0.170421,0.227027560033383,0.0675037,0.0942410702789278,0.112043,0.153212574650768,0.12862,0.174559820568692,0.682662,0.750745408458541,Mut,Missense_other,p.Y236C,Missense_Mutation,p.R132H,IDH1_R132H,Mut,TRUE,included_ok,ok,ok,0.404676,0.4902373994157766,0,0,7.3009357,3.053273969431051,9.48453800231715,3.3901913858449233,1.559205,1.3556957162080492,0.564545,0.6457431544837159
GLSS-CU-R019,GLSS-CU-R019-TP,Tumor Primary,Grade4,WXS,"WXS, RNA",TRUE,GLASS,GLASS_WXS,5016.6529,12.2927969593214,78.7164646,6.3168058234142,47.326711,5.594748906631,107.067706645789,6.75579166361201,1422.52739790773,10.4752545448271,1592.4981771461,10.6379816534335,715.765999027097,9.48535839218359,9.218083417,3.35305271346329,42.901667,5.45620381658359,30.2392028,4.96528573238897,48.9005892,5.64098494513727,2.41258,1.77086286705826,25.2703,4.71536077065548,1.49727,1.32035181109504,72.77909,6.205140089659,41.34572,5.40414425460273,12.16363,3.71848547612293,2.57333294,1.83727034115776,1.379821,1.25085306423741,3.704099,2.23391842269683,3.0605885,2.0216888319681,0.3250127,0.40600618770543,1.794188,1.4824290921658,0.604577,0.682193022933954,4.73167,2.51895554905075,2.07866,1.62230254831854,2.584784,1.84188619242314,0.9588622,0.970015911965338,Mut,Truncating,p.R282Gfs*63,Frame_Shift_Del,NA,WT,WT,TRUE,included_ok,ok,ok,0.2647245,0.3388231511084837,0.5497723,0.6320562633755447,0.391567,0.476710372011767,24.6971893,4.683538664240145,4.1076639,2.3526635943913585,5.64965,2.733278407297623
GLSS-HF-1DDC,GLSS-HF-1DDC-TP,Tumor Primary,Grade4,WXS,"WXS, RNA",TRUE,GLASS,GLASS_WXS,4142.290078,12.0165611137753,30.3688732,4.97126180201058,16.120683401995,4.09766838546936,83.0298542150743,6.39283007606519,323.134342906352,8.34044807595287,328.226485417,8.36293659127776,349.685470000633,8.45403384622147,10.19032646834,3.48418022122711,59.954752,5.92966679185417,13.617232,3.86959823531905,80.934537,6.35639979896075,2.53067,1.81994198348436,1.85891,1.51546520388037,1.97587,1.57331150411671,31.742082,5.03307415755385,38.1487867,5.29089569106224,7.28375,3.05028401430171,1.5832787,1.3692032986699,0,0,1.467748,1.30319507774806,0.473042,0.558798565694794,0.813916,0.859107648154539,1.360121,1.23886082637737,0.998446,0.998878590229092,2.57141,1.8364937656834,0.933648,0.951325191467296,1.60949,1.38376787332151,0.1445615,0.194794984397531,WT,WT,NA,NA,NA,WT,WT,TRUE,included_ok,ok,ok,0.115309,0.15744346889693409,0.1864973,0.24670881753056104,0.2608632,0.3344117559296243,57.636501,5.873727111378209,2.64787,1.8670543167567215,2.715643,1.8936118938434132
GLSS-HF-4D9A,GLSS-HF-4D9A-TP,Tumor Primary,Grade4,WXS,"WXS, RNA",TRUE,GLASS,GLASS_WXS,6285.12793,12.6179559176162,51.7531638,5.72118571499526,33.6024180075989,5.11280095141072,86.402219960505,6.44959801861023,628.833985934414,9.29882779738483,875.60814204,9.77578826862153,259.624593735721,8.02582941944601,8.48203001,3.24519595910625,93.587856,6.56358306478165,17.2435,4.18931063076323,109.429208,6.78697799833629,1.40367,1.2652388419546,2.18036,1.66919008023247,0.2477583,0.319338500576743,43.481378,5.47512957726021,56.453617,5.8443258156735,7.600132,3.10435880333612,1.280509,1.18935586378468,0.209388,0.274277169213414,0.644867,0.717970935816052,0.2938166,0.371633128132119,0.220023,0.286908345880919,1.05681,1.04040852953709,0.57629,0.656532980906822,0.721044,0.783283981614229,1.23632,1.1611266413928,0.825371,0.868189716301537,0,0,WT,WT,NA,NA,NA,WT,WT,TRUE,included_ok,ok,ok,0.039338,0.05566490508401824,0,0,0.0549338,0.07715246868763635,70.826605,6.166446420719225,7.2472380522933,3.0439110508248906,7.76744,3.13215565242435
GLSS-HF-9A7A,GLSS-HF-9A7A-TP,Tumor Primary,Grade4,WXS,"WXS, RNA",TRUE,GLASS,GLASS_WXS,8741.275133918,13.0937930675092,199.6325714,7.64841202694485,70.5400809977556,6.16067984664228,184.480107091,7.5351206545716,1258.575594824,10.2987219942729,1390.059383624,10.441968293781,1466.60788687042,10.5192508473717,45.4037209673,5.53616859002114,321.51682,8.33323059216429,74.303911,6.23465288984805,242.112862,7.92548241161834,2.50368,1.80887101595083,99.7861,6.65515287182833,16.2249,4.10642370220457,497.43566,8.96126347776901,261.513405,8.03624728429917,20.31751,4.41396702827318,24.915091,4.69572055459563,4.6113720028196,2.4883535586524,0.2690853,0.343789041402162,0.734918,0.794867476181619,0.754564,0.811112572874661,0.79526,0.844192798670714,0.253077,0.32547506917293,2.43272,1.77935218438929,0.66863,0.738664088707387,1.9317,1.55173748046487,1.1730697,1.11973444890102,WT,WT,NA,NA,NA,WT,WT,TRUE,included_ok,ok,ok,0.217497,0.28391821740785983,0.14034,0.18946403770692324,0.858392,0.8940548487636797,45.70103,5.545382464083654,9.026579,3.3257575471373912,10.16264,3.480606364391902
GLSS-HF-50F3,GLSS-HF-50F3-TP,Tumor Primary,Grade4,WXS,"WXS, RNA",TRUE,GLASS,GLASS_WXS,7222.79128,12.8185404936964,93.003428,6.55464146304386,28.0816475042,4.86203709656621,111.73900019642,6.81684286816689,2122.68000205759,11.052350680642,1722.6859467,10.7512812259037,1099.914917,10.1044872607712,30.6611762667,4.98464294993957,127.555445,7.00624690697185,76.609606,6.27816332553262,115.679682,6.86640954919297,1.84095,1.5063734406838,29.308,4.9216267478911,2.04973,1.60868152303505,204.6538265,7.68407410538261,226.166493,7.82760624315756,9.66297,3.41453742862086,11.419043,3.63448209997966,0.6743175,0.743573131378281,7.95697,3.16301077410518,1.383241,1.25292484826532,1.34414705683,1.2290630780812,6.47674000573822,2.90240936600313,2.33167,1.73624550966477,10.4527,3.51761585193571,4.236503,2.3886036841341,19.42859,4.35251772626114,0.386713647,0.471669905394571,WT,WT,NA,NA,NA,WT,WT,TRUE,included_ok,ok,ok,1.15641,1.1086315049603344,3.024907,2.0089554485219447,2.2092116,1.682218917138035,63.240803,6.005418021317891,5.63906,2.730978990165745,5.01899,2.5895214198357035
GLSS-HF-57AE,GLSS-HF-57AE-TP,Tumor Primary,Grade4,WXS,"WXS, RNA",TRUE,GLASS,GLASS_WXS,6270.707043,12.6146424561238,56.318696,5.84093388355698,35.592593,5.1934797454836,100.298084915957,6.66246308939879,729.334789473752,9.51241414471516,696.1664564748,9.44535934695829,650.96309881411,9.34864649983771,20.197202,4.40580193858483,140.18853,7.14147908019501,35.614595,5.19434693293097,119.815055,6.91665643268699,1.02408,1.01726631242471,16.6989,4.14558779339566,3.65111,2.21757506039099,61.28271,5.96075981416786,103.412831,6.70615520132454,12.9699,3.80424978850371,5.617557,2.72629871635659,1.287529,1.19379003318509,3.778791,2.2566456728246,1.96843,1.56970009261017,1.98985,1.58007310660247,3.48978531,2.16664646064493,9.057135,3.33014747458639,6.55892,2.91818012043201,2.744233,1.90467021523254,2.89073,1.96004086692693,0.451805,0.53784768995534,Mut,Missense_other,p.S241Y,Missense_Mutation,NA,WT,WT,TRUE,included_ok,ok,ok,0.423274,0.5092134274220504,0.551296,0.6334739906862932,1.4991334,1.3214279123817474,71.006195,6.170049127988172,2.27577,1.7118340653097877,4.730616,2.518690226657405
GLSS-HF-2548,GLSS-HF-2548-TP,Tumor Primary,Grade4,WXS,"WXS, RNA",TRUE,GLASS,GLASS_WXS,5261.82457,12.3616215897703,76.2137788,6.2707864143063,23.9262870152045,4.63959609188865,62.99189119,5.99981719873218,1299.55334659104,10.3449098621697,959.9842059,9.90836890978833,542.881720115443,9.08714912735956,22.7836682,4.57189933670866,38.0945216,5.28889454860248,29.701732,4.94024814062378,116.91354,6.88158558213194,0.587663,0.666904716117715,32.2056,5.05335466209018,2.29685,1.7210882487981,97.848168,6.62714232293788,103.105793,6.70190653987064,3.360685,2.12455477914886,3.186492,2.06574186827064,0.789986,0.839948303797041,1.937885,1.55477792442488,1.425343,1.27818879241569,0.6520862,0.724288963432981,0.637794,0.711753907731005,0.180007,0.238795417922144,1.42656,1.2789125331424,1.9358205849,1.55376380429009,6.17894,2.84377083992043,1.6612578,1.41210827314345,WT,WT,NA,NA,NA,WT,WT,TRUE,included_ok,ok,ok,0.525656,0.6094297046098821,0.177095,0.2352307609014497,0.2269036,0.2950218983361763,18.058603,4.252370468131198,1.903558977,1.5378223383151988,1.158756,1.1102001875553418
GLSS-HF-2869,GLSS-HF-2869-TP,Tumor Primary,Grade4,WXS,"WXS, RNA",TRUE,GLASS,GLASS_WXS,6213.99381,12.6015372390474,94.28688056256,6.5742056872989,17.926431,4.24233047930205,66.165001852,6.06963776825897,2549.5508195,11.3165931312547,2764.02735124,11.4330780361178,1753.4515285076,10.7768043745807,42.7277111069422,5.45047592853203,56.3342508,5.84132534027198,62.348498,5.98523850819756,181.897614,7.51489244423358,2.15002,1.65536098855199,69.8402,6.14649638007997,13.7311,3.8807932581391,154.60926,7.28178410458839,255.819514,8.00461101716263,21.47913,4.49051429552743,16.195497,4.10395890944781,3.132363,2.04696699072221,2.21718,1.68579665648881,1.0616869,1.04382525311578,0.38976763341,0.474843687156866,1.157055,1.10906296241197,0.622635,0.698338512571603,2.06709,1.61687050134527,1.674037,1.41901942778998,1.21069,1.14449673351298,2.7381606,1.90232855192052,WT,WT,NA,NA,NA,WT,WT,TRUE,included_ok,ok,ok,0.1917968,0.25313827890222274,0.0546287,0.07673516295714108,0.0942077,0.129886613193511,23.118737,4.592082456041429,5.18498,2.628768930052499,4.972404,2.578311759089807
GLSS-HF-2919,GLSS-HF-2919-TP,Tumor Primary,Grade4,WXS,"WXS, RNA",TRUE,GLASS,GLASS_WXS,6315.50706,12.6249112734005,95.435156,6.59148728014664,22.405694,4.54878763778446,41.82511504,5.42038521667625,2116.085410345,11.0478637583513,2247.22843600963,11.1345729157524,1374.49141625,10.4257314212103,23.5972394783,4.62042450742588,30.0470853,4.95638592949694,14.0041381,3.90728854180958,151.761754,7.25513957986857,1.51339,1.32963455001312,19.527,4.35945088933924,10.029,3.46323008251262,31.686512,5.03062352923379,169.4021027,7.41279932778065,4.4542,2.44736760339177,1.6963347,1.43099959149724,0.6854334,0.753119620268981,3.023459,2.00843633136407,2.6500825,1.86792907248465,0.4951924,0.580331141056211,1.26783187482,1.18131369038859,0.811691,0.857336911905984,2.79129,1.92268881408181,1.080185,1.05671183928655,2.709562,1.89124885322567,1.391643,1.25800205485049,WT,WT,NA,NA,NA,WT,WT,TRUE,included_ok,ok,ok,0.462541,0.5484770689131866,0.406227,0.491829500057818,0.375434,0.4598869138037637,7.418575,3.0735760510567527,1.466517,1.302475230868256,2.1391,1.6503509885269478
GLSS-HF-2934,GLSS-HF-2934-TP,Tumor Primary,Grade4,WXS,"WXS, RNA",TRUE,GLASS,GLASS_WXS,16004.7583,13.9663034081814,381.4907,8.57928085986239,113.991165,6.84537921007192,106.3680527,6.74642097390199,5791.33753288574,12.4999299587048,5976.95739313321,12.5454368991531,4086.8104588922,11.9971125884827,104.0017047,6.71426893997348,262.678863,8.04263811642928,130.718566,7.04131490050457,286.841043,8.16912850913171,21.0362,4.46180355682653,833.827,9.70533345071353,285.81193,8.16396122425345,427.82529,8.74424618111539,70.813047,6.16617407169651,112.9487,6.83224065527963,63.08001,6.00180246777364,127.658571,7.0074037597676,6.180293,2.844042716057,5.6331742,2.72969941433844,1.517853,1.33219405654314,4.228533,2.38640621788574,2.6611502,1.87229696193804,6.87943,2.97809126852472,1.03179,1.02275129698464,3.23175,2.08125439956588,2.754348,1.90856238341466,Mut,p.R248W,p.R248W,Missense_Mutation,NA,WT,WT,TRUE,included_ok,ok,ok,1.011104,1.0079876895023785,0.6277427,0.7028726684180386,0.6647777,0.7353295451529166,28.549257,4.885049949963885,7.657661,3.11397731138489,2.817936,1.9327929190706885
GLSS-HF-3050,GLSS-HF-3050-TP,Tumor Primary,Grade4,WXS,"WXS, RNA",TRUE,GLASS,GLASS_WXS,5636.76919,12.4609086999137,67.228184,6.09229591210866,54.509363,5.794659232375,72.53071001,6.20027501049409,1159.76894845536,10.1808651163911,1238.489581,10.2755304290171,581.393338101479,9.18585004266208,28.775275,4.89604292755456,69.8250492,6.1461877936873,12.525643,3.75762527532474,234.85574,7.88176090180936,3.45207,2.15447627638583,8.68008,3.27501897055011,1.17198,1.11901081859639,25.357606,4.72014743455146,22.2327242,4.5380864250737,11.97528,3.69769376643798,2.7355955,1.90133824473223,0.7605264,0.816006861318346,4.582746,2.48097491884858,4.3174812,2.41074302753438,1.045405,1.03238653198926,0.662584,0.733427232837579,0.3666931,0.45068931257307,1.39185,1.25812691669251,1.058706,1.04173781606692,26.62248,4.78777094826616,2.387773,1.76033720916068,Mut,Missense_other,p.C176Y,Missense_Mutation,NA,WT,WT,TRUE,included_ok,ok,ok,0.59676,0.6751474856798196,1.681616,1.42310266208986,0.482872,0.5683940712011407,21.543338,4.494629246577466,7.44386361,3.077903275657383,5.08382,2.604977469145754
GLSS-HF-3081,GLSS-HF-3081-TP,Tumor Primary,Grade4,WXS,"WXS, RNA",TRUE,GLASS,GLASS_WXS,3112.81112,11.6044657196045,33.9453774,5.12702972235741,23.7762840040622,4.63088792034321,30.549106694571,4.97952725110762,424.716925976459,8.73375064079841,314.3766958346,8.3009322486159,263.191266500257,8.04543896527307,15.129073591,4.01159167138138,42.473208,5.44205465461481,10.296511,3.49780535069227,69.490911,6.13936534529874,0.733547,0.793726951480305,17.814,4.23373470433667,9.28652,3.36268308607021,13.78286,3.88585350568792,26.541849,4.78355351178896,2.299501,1.72224785499835,1.6233555,1.39141332545822,3.5619077,2.18963725723765,0.213488,0.279159841965693,0.494966,0.5801126735945,0.337144,0.419154840823233,0.2658402,0.340095290059457,1.63639,1.39856380336855,1.27366,1.1850165317202,0.283432,0.360006859714162,3.780964,2.25730154243168,2.658059,1.87107834417383,Mut,Missense_other,p.L111P,Missense_Mutation,p.R132H,IDH1_R132H,Mut,TRUE,included_ok,ok,ok,0.874448,0.9064658036560368,0.184119,0.2438140742801297,0.8891448,0.9177332862872676,16.4222629298737,4.1228601186906655,1.120227,1.084218733770722,0.969631,0.977925373674607
GLSS-HF-3162,GLSS-HF-3162-TP,Tumor Primary,Grade4,WXS,"WXS, RNA",TRUE,GLASS,GLASS_WXS,8441.07279,13.0433815533464,116.8250627,6.88050263885093,40.302231,5.36814780790507,47.58019458,5.60229636335103,2153.22907251909,11.0729559534001,1413.14434909142,10.4657136757354,1119.63277092006,10.1300978720203,27.09999037151,4.81249773099274,73.1058933,6.21151637286522,21.6136719,4.49912336392557,92.446666,6.54607128715025,2.65781,1.87098013818755,7.79615,3.13687220655884,1.29958,1.20137038845307,100.410426,6.66406217313432,80.019752,6.34020176385496,5.29003,2.6530668979866,4.036659,2.33246705863909,1.940324,1.55597513718362,1.6318954,1.39610215286496,2.3204481,1.73137794880854,0.428673,0.514675744800775,0.8822511,0.912459102327959,0.20582,0.27001456354913,4.48496,2.45548109956884,1.0564277,1.04014035037705,1.642916,1.40213057242207,1.622474,1.39092846955869,WT,WT,NA,NA,NA,WT,WT,TRUE,included_ok,ok,ok,0.635744,0.7099469788238477,0.8041552,0.851323449812503,0.5959445,0.6744104817814436,20.300401,4.412808685679591,2.492843,1.804401796408159,2.453237,1.787949351564965
GLSS-HF-6504,GLSS-HF-6504-TP,Tumor Primary,Grade4,WXS,"WXS, RNA",TRUE,GLASS,GLASS_WXS,9604.58197214477,13.2296573095776,63.6620776,6.01484795705387,36.90377410106,5.24426960042883,133.419646007105,7.07060019936225,1743.320947753,10.7684497990494,1896.057252,10.8895475037015,1070.7350844049,10.0657326236226,25.25180867696,4.71434491878572,71.714819,6.18417750468772,40.049787,5.35930283102343,90.840741,6.52106237706552,1.00828,1.00596042787927,9.93672,3.45110822339723,1.8576948,1.51485184574161,90.61805,6.51755995172639,107.216595,6.75777794299116,14.01771,3.9085929328047,5.0707983,2.60188624098248,3.511965,2.17375587657485,3.359218,2.12406935318828,1.31786642415,1.21279742796256,0.929107,0.947933166242481,2.16756,1.66337194719012,0.972486,0.980015060541775,6.23818,2.85562698528414,1.74322,1.45587032768439,5.903248,2.78727531420396,0.5403046,0.623215676540823,WT,WT,NA,NA,NA,WT,WT,TRUE,included_ok,ok,ok,0.5862486,0.6656188907652316,1.160426,1.111315815856416,0.9915167,0.9938675775711252,122.9107,6.953156962970862,31.929526,5.0413098402742795,12.94481,3.801656372464404
GLSS-HF-6658,GLSS-HF-6658-TP,Tumor Primary,Grade4,WXS,"WXS, RNA",TRUE,GLASS,GLASS_WXS,3848.232073046,11.9103549395831,48.4107136,5.62675198653085,22.90393523548,4.57917623934291,109.53444086337,6.78835215143687,847.388116178,9.72858060219064,775.2059106,9.60029560867603,563.031512,9.13963195689549,16.7971155,4.15357152759225,89.97373,6.5073781009654,25.014155,4.70122494088701,88.910026,6.49041009665571,0.542035,0.62483551087771,8.66568,3.27287123250047,0.2695159,0.344278464073643,28.621603,4.88857781038158,37.929994,5.28281021722036,9.3979,3.3782202804166,1.1747783,1.12086833806814,0.2316197,0.300556848871629,0.35041,0.433397492582641,0.104641,0.143577580773418,0.4865086,0.571927809792117,0.2860846,0.36298554778718,0.3098447,0.389395770677647,0.223168,0.290622569132158,0.2278,0.296075574952888,1.816266,1.49378360484067,0.305016,0.384067494901788,Mut,p.G245S,p.G245S,Missense_Mutation,NA,WT,WT,TRUE,included_ok,ok,ok,0.0841513,0.1165661077322224,0.4457879,0.5318559215406475,0.0879475,0.1216089395688516,73.844841,6.2258309706870785,2.71653,1.893956253563604,3.990342,2.3191386902712736
GLSS-HF-B972,GLSS-HF-B972-TP,Tumor Primary,Grade4,WXS,"WXS, RNA",TRUE,GLASS,GLASS_WXS,3650.84714102479,11.8344106629358,58.053156799999996,5.88394227860757,21.0706811859847,4.46405925230173,101.272573055567,6.67627549202399,1097.97671958,10.1019451096187,1431.468914,10.4842881160668,581.120308251619,9.18517353909536,15.535846,4.04752495286164,59.634701,5.92207177360973,32.984782,5.08681696336846,86.090758,6.44444772421659,0.779955,0.831840768103197,3.43387,2.14856647135435,0.588394,0.667568816348606,47.577145,5.60220579656599,52.832375999999996,5.75040219789228,1.96719,1.56909731080247,2.368493,1.75210330129171,0.6805266,0.748913378340276,0.881374,0.911786671993029,0.6431638,0.716476303579993,0.305319056142,0.384402484537781,0.298067,0.376364850265494,0.400265,0.485699882889595,0.210465,0.27556136512253,0.390676,0.475786339621084,4.873381,2.55419122696901,0.1092441,0.149576879573843,WT,WT,NA,NA,NA,WT,WT,TRUE,included_ok,ok,ok,0.197993,0.2606194783313811,0.421759,0.5076769368480991,0.386136,0.4710688136799582,33.2222862,5.096864236340342,17.038065,4.172972679343659,20.3439,4.415751907253286
GLSS-HF-BCDE,GLSS-HF-BCDE-TP,Tumor Primary,Grade4,WXS,"WXS, RNA",TRUE,GLASS,GLASS_WXS,4764.945234012,12.218546658122,65.4065816118663,6.05325433025841,25.5319876,4.72966085161694,101.807618218311,6.68380336440915,1201.57181092897,10.2319073309882,704.5261548882,9.46255575640743,389.680647808471,8.60984598381122,13.224910422687,3.83034766248761,100.15885,6.66047873105095,30.44581,4.97479589275728,100.024667,6.65856378585694,0.806737,0.853386513723025,4.72186,2.51648419885357,1.185921,1.12824126241525,65.8829340492791,6.06356623246012,37.9976261,5.28531440045213,10.2486,3.49167354977479,3.051136,2.01832651830801,0.472251,0.55802365345022,1.421859,1.27611487414777,0.719771,0.782216472392811,0.35862469,0.442146977329901,0.846053,0.884443973210955,0.07186,0.100116481825826,1.71848,1.44280021419194,0.354332,0.437581443522222,0.46558100119779,0.551472706544636,0.372826,0.457148781461065,WT,WT,NA,NA,NA,WT,WT,TRUE,included_ok,ok,ok,0.10498,0.14402025725295836,0.2451396,0.31630750047584444,0.522755,0.6066838415507051,30.926917,4.996701341702201,3.157857,2.0558401408469544,7.53566,3.093502710594963
GLSS-HF-DE05,GLSS-HF-DE05-TP,Tumor Primary,Grade4,WXS,"WXS, RNA",TRUE,GLASS,GLASS_WXS,3998.74652000152,11.965692858181,84.3232008,6.41486618259668,24.8629080012417,4.69281259444003,97.78348927074,6.62619802396701,1003.12403824194,9.97172177935254,631.291462569,9.3044459296211,619.2111757132,9.27661571217922,17.520870320448,4.21107998924645,159.44311,7.32591802624853,10.9290429,3.57640639116317,108.7759,6.77841755225297,1.58047,1.36763385825118,11.0056,3.5856356013623,1.558342,1.35520913705906,44.840749,5.51855871162087,8.6592964,3.27191810446478,7.225384,3.04008303227815,0.926428,0.945928266462524,0.5359537,0.619134727916394,3.247388,2.08657590527296,0.505765,0.590496630707607,0.286594,0.363556865839449,2.393874,1.7629330047894,0.82813173679,0.870370036022716,0.19074,0.251858432799362,1.700356,1.43314961674944,1.441383,1.28769864041062,0.271097,0.346074129539743,WT,WT,NA,NA,NA,WT,WT,TRUE,included_ok,ok,ok,0.1631264,0.21800788678896543,0.618629,0.6947723487067766,0.1744597,0.2319972100656101,10.661322,3.543659445581133,3.076989,2.0275040643401083,4.5368,2.4690524098546898
GLSS-HF-DF35,GLSS-HF-DF35-TP,Tumor Primary,Grade4,WXS,"WXS, RNA",TRUE,GLASS,GLASS_WXS,2721.62695,11.4107836048129,33.8122002,5.12152109301441,19.583312,4.36340323559987,55.0698639225736,5.80915366338133,446.5569849587,8.80592757423722,289.44541515,8.18212324603168,260.5198135,8.03077644315069,6.14153045,2.83623328098001,67.935451,6.10717419434285,15.135106,4.01213115056608,76.071314,6.26812208277373,0.354273,0.437518592713466,2.61295,1.85317728929812,1.31863,1.21327261741654,31.565847817,5.02528788107209,19.3895509,4.34975809380841,3.76745,2.25321780793912,1.38403,1.25340239040532,0.536695,0.619830850356008,0.2573403,0.330375168993556,0.219964,0.286838575830972,0.3247094,0.405675912007603,0.885314,0.914804825094224,0.3295,0.410883777195581,2.02272,1.59584734571375,0.9196,0.940805718166744,0.748032,0.805731595489964,0.782334,0.833767715643118,WT,WT,NA,NA,NA,WT,WT,TRUE,included_ok,ok,ok,0.288494,0.36568581916074616,0.0457018,0.06447150072776021,0.414566,0.500359490733002,40.229618,5.365609189340149,2.071629,1.6190039738120778,10.19621,3.4849385468534235
GLSS-HF-EE74,GLSS-HF-EE74-TP,Tumor Primary,Grade4,WXS,"WXS, RNA",TRUE,GLASS,GLASS_WXS,2124.02709,11.053265517611,46.3790557428,5.56617754106461,29.77182100113,4.94353791625021,63.0509318,6.00114765364259,776.294037940899,9.60231664018849,594.7535049851,9.21857172399513,454.008037252136,8.82974821904515,9.689869014944,3.41817227042954,86.057597,6.44389829369421,18.423712,4.2797470305695,59.257352,5.91306537020262,1.15107,1.10505447362646,3.85577,2.2797000880438,0.832847,0.874086359498092,15.421706328,4.03753213570862,26.5676631,4.78490507072533,3.83625,2.27388882366849,1.770059,1.46991670483075,0,0,1.44308,1.28870110622227,0.625735,0.701092112675327,1.034364,1.0245778375098,1.036074,1.02578999633156,0.402981,0.488495471259034,2.16607,1.66269315299135,1.209768,1.14389491132759,1.33548,1.22371909059974,0.3391121,0.421276736871836,WT,WT,NA,NA,NA,WT,WT,TRUE,included_ok,ok,ok,0.2525083,0.3248201637631298,0.1972402,0.2597126264536255,0.0774876,0.1076712665102485,38.917432,5.31894700594245,2.255264,1.702774549856702,2.882432,1.9569606563261877
GLSS-LU-0B10,GLSS-LU-0B10-TP,Tumor Primary,Grade4,WXS,"WXS, RNA",TRUE,GLASS,GLASS_WXS,1407.43751,10.459879839846,17.8219903894664,4.23434729326083,16.214060733,4.10551555881515,18.253685,4.26706268731525,168.146475586789,7.40212930656708,308.069694070818,8.27178838697549,253.469681130806,7.99134996596611,22.860101,4.57652824487317,123.38694,6.95869120750742,10.55441,3.53037168859115,33.47569,5.10750752116227,0,0,3.50632,2.17194976497615,2.57687,1.83869768507524,24.491114,4.67192251756711,5.913882,2.78949598117226,23.0079,4.58543730969742,1.20573,1.14125620366692,0,0,0,0,0,0,3.832386,2.27273569846349,2.06814,1.61736431488045,0,0,0,0,0,0,0.0796513,0.110565433693299,0,0,WT,WT,NA,NA,NA,WT,WT,TRUE,included_ok,ok,ok,0,0,0.206924,0.27133483245150747,0.602993,0.6807681255003611,8.65859,3.2718125939802207,2.09806,1.631365085013288,3.17946,2.0633165533951128
GLSS-LU-0B12,GLSS-LU-0B12-TP,Tumor Primary,Grade4,WXS,"WXS, RNA",TRUE,GLASS,GLASS_WXS,6776.998894,12.7266436860722,80.2191469907112,6.34374797023218,24.862937,4.69281421205941,59.1668637557061,5.91089725202054,896.29364,9.80943637519478,869.885669093354,9.76633952230882,603.6097138,9.23986034759994,85.26760723,6.43074703596659,146.498527,7.20455673678882,23.699732,4.62642348307916,98.785228582976,6.64075436107776,5.07185,2.60213615061353,39.9677,5.35641499449745,0.155491,0.208506022846708,42.037611,5.42752609159903,80.06086,6.34093357635593,25.7545,4.74170966235174,10.5681,3.53208002366529,14.01494,3.90832680475576,0,0,0,0,5.250378,2.64394344133234,0.7317,0.792189018979181,1.90753,1.53979407755505,1.02631,1.0188549052596,2.22024,1.68716821439792,6.7997300030001,2.96342418422173,2.393752,1.76288114312377,Mut,Truncating,p.L14Sfs*15,Frame_Shift_Ins,NA,WT,WT,TRUE,included_ok,ok,ok,3.502546,2.170741015417033,0.808899,0.8551118572311388,2.899883,1.9634308424744336,43.84495,5.486873626962597,1.275152,1.1859629331446622,5.57153,2.716229301511889
GLSS-LU-0B13,GLSS-LU-0B13-TP,Tumor Primary,Grade4,WXS,"WXS, RNA",TRUE,GLASS,GLASS_WXS,4498.848402,12.135660683134,40.77783584918,5.38466585559009,37.2705720021236,5.25816355895779,88.0968419,6.47730239020408,416.850626268,8.70684348792649,849.792306,9.73266317635747,417.261521,8.70826146957367,92.8689481741,6.55257608850597,114.18629,6.84782520059941,31.228754,5.01027650814461,105.168007,6.73020527516196,1.18647,1.12860355370238,13.3288,3.84084588756207,1.47832,1.30936247989455,150.04286,7.23881417730926,85.9616,6.44230657953536,28.72729,4.89371604512371,8.716709,3.28046776307641,1.765656,1.46762172121814,2.090292,1.62774316403537,3.496269,2.16872835080722,2.8280465,1.93660835461807,0.897314,0.923958460380995,0.43485,0.520899924658978,1.6532,1.40773343098793,0.366886,0.450892925392505,2.54642000145074,1.82636340429313,6.75264,2.95468767378624,Mut,p.R248Q,p.R248Q,Missense_Mutation,NA,WT,WT,TRUE,included_ok,ok,ok,0.19004,0.2510100666691669,9.623546,3.4091934940545845,6.45242449,2.8977098525103817,29.97395,4.952983471507683,5.98090400442453,2.8034138728606517,8.27319,3.2130657148493085
GLSS-LU-00B9,GLSS-LU-00B9-TP,Tumor Primary,Grade4,WXS,"WXS, RNA",TRUE,GLASS,GLASS_WXS,3593.31856,11.8115025634502,48.58920564,5.63195421016793,29.492096,4.93036341823842,72.8423925,6.2063773920743,549.553326246503,9.10473849886027,533.733400266225,9.06267598226498,361.30022803862,8.50104190362577,67.86144083,6.10562446250081,94.738505,6.58102737278622,30.64193,4.98376569458776,95.4264187,6.59135656194205,0.903402,0.92858029212048,6.27283,2.8625168541736,3.785788,2.25875649003921,44.77265,5.51641391383459,45.42882,5.53694870980483,15.9382,4.08220866441871,6.784842,2.96066775887662,1.729186,1.44847072078771,2.349521,1.74395479696316,3.8160184,2.26784090404488,3.023582,2.00848043490226,1.47945,1.31002013259907,0.488011,0.573385191490831,2.67976,1.87961167440703,1.4220079,1.27620357075984,4.72776,2.51797104321952,1.417452,1.27348724438693,WT,WT,NA,NA,NA,WT,WT,TRUE,included_ok,ok,ok,0.275173,0.3506929877201268,1.712383,1.439560907525682,2.095433,1.6301412327865412,28.05319,4.860624673130377,7.69615,3.120376825644631,2.117091,1.6402002734529628
GLSS-LU-00C1,GLSS-LU-00C1-TP,Tumor Primary,Grade4,WXS,"WXS, RNA",TRUE,GLASS,GLASS_WXS,1406.41263,10.4588296494698,29.582436,4.93463142196373,39.5029673179864,5.33995570110995,48.77886613044,5.63746146368318,227.1506756588,7.83384311604638,356.36136848076,8.48123987420008,231.64978304475,7.86201603149955,51.728364544,5.72050734476552,67.073832,6.08902841883636,18.556748,4.28959458612193,105.89996,6.74011750300326,0.151059,0.202961783796726,4.16334,2.36830460103624,0.93551,0.952713761473231,65.71687,6.0599797016945,37.74971,5.2761136082903,17.6169,4.21854095688375,5.056007,2.59836687290281,0,0,0.270255,0.345118142908314,0.510799,0.595311733969146,1.974208,1.5725055451964,0.8475,0.885574364371426,0,0,0,0,0,0,0,0,0.56166,0.643080388366635,Mut,Missense_other,p.P152L,Missense_Mutation,NA,WT,WT,TRUE,included_ok,ok,ok,0,0,0,0,0.278862,0.35486059365105493,27.20973,4.818120952603645,4.898322,2.5603045838650087,3.97322,2.314180252956208
GLSS-LU-00C2,GLSS-LU-00C2-TP,Tumor Primary,Grade4,WXS,"WXS, RNA",TRUE,GLASS,GLASS_WXS,2806.03761,11.4548326785435,30.24422,4.96551741910684,19.151542,4.3328183331759,61.424791228,5.96404718613364,301.6182383154,8.24135512886363,331.2033382072,8.37592276033804,166.270450109849,7.38603879208235,115.281955,6.86148342199529,88.82594,6.48906022254027,41.42005,5.40667441624403,105.14798,6.72993310673906,0,0,6.80322,2.96406957518273,0,0,377.7627,8.56515045306617,116.8703,6.88105643531452,20.0931,4.3986992348727,54.30867,5.78943374506858,0.179896,0.23865970120018,0,0,0.435611,0.52166488258862,0,0,2.428553,1.77759982415687,0,0,4.71081,2.51369538658733,1.6183,1.38863040809909,2.41517000289897,1.77195739586083,0.946006,0.960516158298316,WT,WT,NA,NA,NA,WT,WT,TRUE,included_ok,ok,ok,0,0,0.408502,0.4941616122666478,3.031331,2.011256243237036,18.622869,4.294464083920332,1.38334,1.2529847766748308,4.55844,2.474680041212252
GLSS-MD-LP04,GLSS-MD-LP04-TP,Tumor Primary,Grade4,WXS,"WXS, RNA",TRUE,GLASS,GLASS_WXS,821.401767,9.68369955406259,29.7377749,4.94194082735511,5.187149938077,2.62927499634027,67.4399544045733,6.0967668935762,254.308542824,7.99609800203453,244.399512,7.93898856984368,226.311178901352,7.82852482575171,7.30228074773402,3.05350771856104,122.46245337815,6.94792855497759,7.465333,3.08156682039492,72.858155,6.206685318904,2.77243,1.9154941308143,15.0461,4.00415078822466,3.51888,2.17596524638631,254.762418,7.99866047843385,155.70285,7.29188760853529,35.5983,5.19370473141498,16.2222878,4.10620489723187,0.719188,0.781727317845231,2.45028,1.78671344543283,1.34845,1.23170887802409,2.4958748,1.80565351760353,1.995454,1.58277467877714,1.12704,1.08884716412088,7.17743,3.03164750467979,0.300745,0.379338161676267,0.44785,0.53391214422658,0.181279,0.240349747443869,WT,WT,NA,NA,NA,WT,WT,TRUE,included_ok,ok,ok,0.0628805,0.08797940331433009,1.141231,1.0984404447553262,5.0916229,2.606826635006608,43.896454,5.488529597790602,5.111099,2.6114318529202514,4.941774,2.570893732187813
GLSS-SM-R056,GLSS-SM-R056-TP,Tumor Primary,Grade4,WXS,"WXS, RNA",TRUE,GLASS,GLASS_WXS,6134.66353,12.5830036545776,59.45507628,5.9177915793824996,17.3225461192973,4.19554809059575,20.272923171877,4.41094638656891,1641.32536380104,10.6815242547999,927.1453600645,9.85820695829742,652.7057653,9.35249761072673,6.47146340006012,2.90139084451877,23.6002602,4.62060167009677,6.6345727,2.93254741296946,112.5419123,6.82708113491916,1.38034,1.2511676581048,3.22339,2.07840147590709,0.68632,0.753878331420711,22.928494,4.58065769497722,26.18833,4.76491563371931,4.78336,2.53190790915056,0.8963085,0.923193687450856,0.0746663,0.10388875090998,1.024868,1.01782786258864,0.4855727,0.571019208581648,0.152296,0.204511361640479,0.5658394,0.646936250492856,0.216781,0.283069530709738,1.86301,1.51753270943095,0.533023,0.616379341965395,0.465999000296327,0.551884119659976,0.3344997,0.416298981157241,WT,WT,NA,NA,NA,WT,WT,TRUE,included_ok,ok,ok,0,0,0.159911,0.214014111573041,0.4776257,0.5632808641103783,8.3561407,3.2259135574648123,1.2011224,1.138239372836522,3.77288,2.25486006453149
GLSS-SM-R060,GLSS-SM-R060-TP,Tumor Primary,Grade4,WXS,"WXS, RNA",TRUE,GLASS,GLASS_WXS,9625.90777,13.2328567534177,68.00347765704,6.10859716796852,27.5287221,4.83434321996041,14.9520872,3.99567329606157,913.1381793203,9.83626844647237,880.910594236136,9.78448859636248,510.4278675,8.99838696437203,16.284332862166,4.11139301465665,46.0261656,5.55539179800849,11.394014,3.63157159794638,191.457609,7.58839690041197,0.126492,0.171837068032898,6.19463,2.84692049504191,0.481727,0.567279663550086,81.04896,6.35841314206509,70.247978,6.15477716630451,4.91402,2.56413912236457,1.2065297,1.14177916619192,0.0834324,0.11560914030077,1.813948,1.49259566871827,1.2129366,1.14596211893114,0.4388482,0.524914394260821,0.363185,0.446981365863687,0.379899,0.464562674589233,1.29749,1.20005858208806,0.207215,0.271682636997088,0.165847,0.221378468791811,0.7605161,0.815998420773297,Mut,Missense_other,p.A138V,Missense_Mutation,NA,WT,WT,TRUE,included_ok,ok,ok,0.0153109,0.02192156505385701,0.0495252,0.06973680739096147,0.2507418,0.32278399389518514,28.641847,4.889563440463655,3.875662,2.2855981161497425,3.72715,2.240970644434805
GLSS-SM-R061,GLSS-SM-R061-TP,Tumor Primary,Grade4,WXS,"WXS, RNA",TRUE,GLASS,GLASS_WXS,13547.49015,13.7258444654846,144.161250305504,7.18151257800512,25.3550678412581,4.720008500638,23.6721632,4.62481230834033,1420.03127895105,10.472722595394,2154.7193212,11.0739536333122,1177.09199978243,10.2022364914427,36.593075555,5.23239504449119,74.7577626,6.24332181833424,33.360694,5.10268727048618,281.158032,8.14035960815599,2.01553,1.59241158792085,60.9764,5.95364705095724,6.54895,2.91627599077698,235.919191,7.88825125470641,135.473854,7.09248077229259,52.3559,5.73757590539552,4.581226,2.48058206647029,1.7065827,1.43647247046788,4.102981,2.35134027012598,2.4358483,1.78066633983228,0.453485,0.539516182903612,1.693475,1.429468674591,0.525699,0.609470365815649,3.98338,2.317124588714,1.2148869922,1.14723309157859,0.89929600099070806,0.92546476377236,1.848505,1.51020493858311,Mut,Missense_other,p.A161T,Missense_Mutation,NA,WT,WT,TRUE,included_ok,ok,ok,0.0643295,0.08994485612582691,0.875834,0.9075321636885404,0.22999300116716,0.2986501064505661,17.4544103,4.205893732722404,2.8943071,1.961366657601443,3.55155,2.186357929160238
GLSS-SM-R063,GLSS-SM-R063-TP,Tumor Primary,Grade4,WXS,"WXS, RNA",TRUE,GLASS,GLASS_WXS,10450.56613,13.3514315207734,50.4918049884,5.6862709379917,19.576697128,4.36293952126575,14.50538436,3.95469738397192,893.26844164243,9.80456415462144,1084.4778051,10.0841145119514,527.734553921269,9.04639980274646,26.711266781111,4.79240075796413,42.2305003,5.43397762730791,16.560742,4.13428189973241,129.630426,7.02934715348088,1.98674,1.57857165444258,13.3973,3.84772637587174,4.050464,2.33641593830953,52.756968,5.74837986442666,74.005071,6.22891623261904,12.69887,3.77598498715107,5.555603,2.71272848908145,0.6583931,0.72978601901746,24.370201,4.66506304434655,16.72081,4.14737264439403,2.0101754,1.58984755387454,11.09095394,3.59585616827631,4.83594,2.54496505081108,25.6108,4.73393997761442,2.0922677909714,1.62866526233435,2.31199,1.72769831686737,2.440854,1.78276667790906,Mut,p.R273H,p.R273H,Missense_Mutation,NA,WT,WT,TRUE,included_ok,ok,ok,0.0527438,0.07415437896405488,1.0525156,1.037393187146617,2.2739074,1.711013516848699,27.6485454,4.840389984393757,3.2974579999999998,2.1034835399970393,5.49533,2.699402824713842
GLSS-SM-R064,GLSS-SM-R064-TP,Tumor Primary,Grade4,WXS,"WXS, RNA",TRUE,GLASS,GLASS_WXS,1470.202779,10.522780394678,11.0948104,3.596316248486,3.18674365788,2.06582858876685,3.110422163,2.0392865742449,173.217460750863,7.44474541346059,233.801054560577,7.87529507780488,235.3081732,7.88452571849905,7.752659838,3.1297215028845,8.9569239,3.31570010377278,2.686765,1.88235545978957,87.005213,6.45951707939294,0.0360626,0.0511111748209049,0.118654,0.161763879322988,0.2744448,0.349868887294297,3.7075706,2.23498273127203,32.968612,5.08613036398385,4.61998,2.49056499629101,0.4168131,0.502649456571227,0.0764117,0.106229977473579,0.762478,0.817605249290727,0.5313173,0.614773250641013,0.2060543,0.270294862940474,0.6845022,0.752322312654991,0.674424,0.743664895416746,0.401428,0.486897626131931,0.149809,0.201394228440634,0.11996,0.163447206539883,0.2480118,0.319631575002246,WT,WT,NA,NA,NA,WT,WT,TRUE,included_ok,ok,ok,0.0239688,0.03417175755371312,0.6576632,0.7291509133183494,0.0667775,0.09325930163557834,14.0999321,3.916470157072583,0.545911,0.6284572639234091,0.434456,0.5205037160638105
GLSS-SM-R065,GLSS-SM-R065-TP,Tumor Primary,Grade4,WXS,"WXS, RNA",TRUE,GLASS,GLASS_WXS,7230.0366,12.8199867631637,61.2140114128955,5.95916762571716,28.8312450043183,4.89875228456431,18.007999608,4.24853480638613,1198.4606835,10.2281701537155,1041.4498924,10.0257623237532,446.978461,8.80728555831764,13.7621371000957,3.88382968894993,32.0960645,5.04858776920405,8.6666738,3.27301955901547,88.5261206,6.48423676678496,0.231013,0.299845997351615,2.47672,1.79772688332168,0.960861,0.97148727050294,29.624619,4.93661999058691,64.0372592,6.02319455553086,2.691028,1.88402268185551,1.0967263,1.06813854889096,0,0,0.563911,0.645158413212977,0.9460815,0.960572130049003,0.1590285,0.212916042015773,0.39462,0.479872076321403,0.293257,0.37100900042468,0.577441,0.657586046032409,0.38018200127709,0.464858524269199,0.390488,0.475591294188236,0.969589,0.977894609618921,WT,WT,NA,NA,NA,WT,WT,TRUE,included_ok,ok,ok,0.0146415,0.02097007466878509,0.0915626,0.1263948697880163,0.3785752,0.46317796717254206,10.191861,3.484378044717108,0.833688,0.8747481868368004,0.790315,0.8402134472415662
GLSS-SM-R066,GLSS-SM-R066-TP,Tumor Primary,Grade4,WXS,"WXS, RNA",TRUE,GLASS,GLASS_WXS,7366.22775,12.8469061273569,27.7731372,4.84665062483255,6.431152326926,2.89358594258606,8.090201,3.18431219524416,394.957409941335,8.62920144894107,562.432695,9.13809947295113,437.76539634,8.77730594045379,8.636920269,3.26857216901519,32.5500429,5.06824270606923,13.7601368,3.8836341875436,130.996912,7.04436036864332,0.955129,0.967263800126193,21.4259,4.48709397967436,1.39208,1.25826563939943,35.120533,5.17474727648751,55.593886,5.82257429787522,4.56451,2.47625465222237,1.1252279,1.08761755775396,0.1396428,0.188581709108778,1.629624,1.39485652875134,0.998001,0.998557305199741,0.181467,0.240579333415666,2.009918,1.58972418379402,0.4530352,0.539069652902153,2.97741,1.9918292859246,0.314123,0.394100316136018,0.357219000154985,0.44065353206508,1.56695411878,1.3600575097037,WT,WT,NA,NA,NA,WT,WT,TRUE,included_ok,ok,ok,0.0152897,0.02189144082867173,0.263596,0.33753527525432653,0.6745039,0.7437337361545762,25.9006384,4.749568505795111,2.862538,1.9495491264518028,1.289774,1.1952052117854577
GLSS-SM-R067,GLSS-SM-R067-TP,Tumor Primary,Grade4,WXS,"WXS, RNA",TRUE,GLASS,GLASS_WXS,7347.46438,12.8432270838868,95.0345187,6.58548115703546,33.5380126433376,5.11011316582342,43.209072,5.46627054564508,1175.702756869,10.2005342164664,1157.20747210189,10.1776779940878,520.900839728335,9.02763191300338,9.97758995329243,3.45648945122722,30.957383,4.99807736524626,22.3885884,4.54773288647191,65.6737425,6.05904680497294,1.31596,1.21161033609918,39.4288,5.33731147733096,6.4177,2.89097192094629,50.663234,5.69106605057186,65.8629053,6.06313413860783,19.55803,4.36163011791134,2.6072645,1.8509052115502,1.435151,1.28401123440078,5.872758,2.78088916082649,5.8641913,2.77908976025522,0.846093,0.884475232972426,1.827416,1.49948416367271,1.0145038,1.01042452687444,6.87015,2.9763911328349,1.11577,1.08118280425043,1.52909,1.33861837754815,0.615164,0.691680660259319,WT,WT,NA,NA,NA,WT,WT,TRUE,included_ok,ok,ok,0,0,0.165492,0.2209391017641297,1.0804495,1.056895269404639,18.7223546,4.301759896448905,2.10617949,1.6351411979966488,1.945018,1.5582764518592591
GLSS-SM-R068,GLSS-SM-R068-TP,Tumor Primary,Grade4,WXS,"WXS, RNA",TRUE,GLASS,GLASS_WXS,8736.91025,13.0930725721168,9.7030673262,3.41995240386324,7.0656359,3.01178828088383,8.5373164,3.25358337932761,34.282946032219,5.1408991220137,121.9132339,6.94149644685254,58.4917482,5.89461766824022,1.4440521,1.28927503949808,83.1630361,6.3951148442824,0.723897,0.78567357835488,52.0195645,5.72845291491768,0.660338,0.731476965238589,4.28392,2.40160862395094,16.3546,4.11724620827249,53.823588,5.77672484516735,65.5004342,6.05529185529279,12.20042,3.72251192767394,0.8647935,0.899015880871722,0.558879,0.640508950566376,0.0618556,0.0865875897502012,0.111227,0.152153558691188,0.161451,0.215928290136232,0.0902097,0.124605661655722,0,0,0.705891,0.770525466830112,0,0,0.17439,0.231911588712844,0.022591,0.0322292337851507,WT,WT,NA,NA,NA,WT,WT,TRUE,included_ok,ok,ok,0,0,0.052929,0.07440815735000506,0.0432684,0.06111036546558855,12.4620305,3.750824125292272,3.72228,2.2394835863855502,3.833625,2.273105550963238
GLSS-SM-R070,GLSS-SM-R070-TP,Tumor Primary,Grade4,WXS,"WXS, RNA",TRUE,GLASS,GLASS_WXS,3870.96210013063,11.9188491158332,19.2815302,4.34209459972712,11.36705678038,3.62843029095104,15.337748875445,4.03013730787123,286.771585434591,8.16878033718167,138.5417200153,7.12455271154694,133.807730605591,7.07475942061615,3.04121958,2.01479074260541,31.3207815,5.01439017702854,6.7270335,2.94991465266784,55.533129,5.82102464448736,0.211256,0.276503812099639,1.98199,1.5762754196017,0.141943,0.191490640482158,6.921584,2.98578894046301,20.5573355,4.43010696599769,1.451063,1.29340756646485,0.4931051,0.578315720671473,0.162912,0.217741929169657,0.132581,0.179614232716961,0.263437,0.33735372755645,0.126929,0.17239662413961,0.3194598,0.39994739672396,0.3269895,0.408156955216124,0.461994,0.547937390505119,0.425503,0.511471075460059,0.123374,0.167838317869702,2.8840486,1.95756125290446,Mut,p.H179R,p.H179R,Missense_Mutation,NA,WT,WT,TRUE,included_ok,ok,ok,0.222178,0.2894544169209675,0.0943815,0.13011574746743804,0.0846506,0.11723038015529803,7.2412737,3.042867325110863,0.547735,0.6301584773521606,0.400818,0.4862695271079037
GLSS-SM-R071,GLSS-SM-R071-TP,Tumor Primary,Grade4,WXS,"WXS, RNA",TRUE,GLASS,GLASS_WXS,20270.62138,14.3071738636841,28.1976628,4.86778098447893,17.63275586382,4.21976916567941,17.1900722,4.18507936423054,130.5522180169,7.03949176283198,641.1836334,9.32684208698799,237.657519601582,7.89879798319817,1.7580117,1.4636285770463,102.0742543,6.68754021373091,1.0354749,1.02536543131885,57.7822219,5.87730798711118,1.43841,1.28594072449605,41.9381,5.42418644860795,23.7652,4.63024236689313,125.710813,6.9853958333998,213.5805,7.74537516693379,19.38489,4.34942826673062,1.3287499,1.21955570721543,2.8997176,1.96336965427467,0.61366,0.690336633147015,0.539131,0.622116028941789,0.4935829,0.578777315385361,1.814407,1.49283097620162,0.063025,0.0881755262687416,1.41221,1.27035550954751,0.265069,0.339216075230281,0.035058,0.0497116121380358,0.1306319,0.177129307326699,WT,WT,NA,NA,NA,WT,WT,TRUE,included_ok,ok,ok,0,0,0.113558,0.1551767032834763,1.336981,1.2246460048450831,5.777061,2.760659757139247,8.983011,3.31947501592395,6.83888,2.970647540326148
GLSS-SM-R072,GLSS-SM-R072-TP,Tumor Primary,Grade4,WXS,"WXS, RNA",TRUE,GLASS,GLASS_WXS,8814.41049386003,13.1058120355652,243.563861,7.9340674235335,74.5102000001342,6.23859963330751,69.04877315,6.13028787807864,939.416536207363,9.87715609722016,1383.5624182,10.4352143787409,1233.957652,10.2702458557861,35.963685,5.20803668460177,204.51852,7.68312459588734,105.795218,6.73870323827826,103.951774,6.71358274248742,21.2206,4.47382586775018,150.603,7.24415449237541,24.974917,4.69904723405035,275.01655,8.10861096361545,125.289532,6.98059125045545,6.929975,2.98731631770317,6.257767176,2.85952577693053,15.980057,4.0857693967394,0.33118,0.412705663323035,1.1249968,1.0874606687197,0.1137717,0.155453540548461,0.957195,0.968787502269235,0.2592616,0.332578020799866,0.790224,0.84014011456805,0.177118368,0.235259401379135,0.468257,0.554104515983621,0.7235878,0.785414791828634,Mut,Missense_other,p.T125R,Missense_Mutation,NA,WT,WT,TRUE,included_ok,ok,ok,1.03196,1.0228720023218734,0.16110313,0.21549611908700295,0.103081,0.14153873291271726,18.15032967,4.259297323026122,4.886477,2.5574044531943168,2.96938,1.9889136822352456
GLSS-SM-R095,GLSS-SM-R095-TP,Tumor Primary,Grade4,WXS,"WXS, RNA",TRUE,GLASS,GLASS_WXS,5487.31229,12.4221468591786,80.2231188,6.34381851972295,42.7253234545135,5.45039715129265,61.231471967826,5.95957246574013,909.545960450462,9.8305880298659,1608.69833610596,10.6525746315229,691.7836320404,9.43626103460106,24.586744,4.67732466610523,110.103488,6.79576029940283,42.561145,5.44496997052418,132.257302,7.05807077919862,12.6963,3.77571430248177,25.7737,4.74274462134431,18.2297,4.26526435044669,184.37708,7.53431907012206,97.663862,6.62444985474359,11.95856,3.69583350475473,17.285989,4.19266675201836,14.974689,3.99771593951658,8.08853,3.18404696843376,6.9522217,2.99135797835795,2.2934389429,1.71959480423309,6.358822,2.87947483818739,1.966944,1.56897769672558,8.15854,3.19511763078505,1.293666,1.19765532368774,2.12417,1.64347295907657,4.293487,2.40421838780327,WT,WT,NA,NA,NA,WT,WT,TRUE,included_ok,ok,ok,2.144389,1.652779707944881,1.916889,1.5444304866143947,2.0199461,1.5945228005580887,22.374999,4.546894398168061,8.700534,3.27806416770665,6.24721,2.8574256994239473
GLSS-SM-R099,GLSS-SM-R099-TP,Tumor Primary,Grade4,WXS,"WXS, RNA",TRUE,GLASS,GLASS_WXS,6728.022888,12.7161813129776,54.6104678074056,5.79728456834692,9.58611116748,3.40410080416455,40.3389676,5.36943045421292,751.120816589575,9.55482061696283,1110.55086520639,10.1183582530917,627.6320019,9.29607190735721,7.055575,3.00998757093576,136.283179300514,7.10101105905912,13.0693568,3.814484470181,204.215569,7.68099637718674,0.330998,0.412508403411901,11.5741,3.65238323670715,1.66519,1.41423838562493,31.841369,5.03744236233028,76.2827168,6.27207390651696,4.50517,2.46078711499221,0.9689824,0.977450215583701,0.482894,0.568415474973994,0.635485,0.709718527672081,0.655512,0.727277468166351,0.302475,0.38125568135433,0.7885592,0.838797871272999,0.153573,0.20610930302879,0.6681,0.738205778698426,0.1344411,0.181981706459517,0.127868,0.173598231842395,0.798376,0.846694687495309,Mut,p.R175H,p.R175H,Missense_Mutation,NA,WT,WT,TRUE,included_ok,ok,ok,0.134581,0.18215960956277513,0,0,0.1251037,0.17005797973646478,26.569161,4.784983458007783,2.59713,1.8468462993026635,2.27298,1.7106047866206917
GLSS-SM-R100,GLSS-SM-R100-TP,Tumor Primary,Grade4,WXS,"WXS, RNA",TRUE,GLASS,GLASS_WXS,5236.72764,12.354725326665,5.3253622,2.66114809311646,5.528574001823,2.70676790675459,3.4308342,2.14757834277667,40.003280496,5.35766743305667,130.643547,7.04049299380762,64.304469364,6.02910982645431,0.87108578,0.903875700504834,59.1950008,5.91157177090005,1.1534084,1.1066219566532,31.3150021,5.01413218025718,0.335827,0.417733179665964,2.07113,1.61876958244918,0.7402539,0.799297808113255,39.194402,5.32892268163455,28.799942,4.89723761764212,8.28155,3.2143657526141,1.0582171,1.04139516521254,0.217641,0.284088842716265,0.269558,0.344326306289836,0.139218,0.188043846629009,0,0,0.0743093,0.103409413560281,0.0649964,0.0908485537272401,0.344097,0.426637257439024,0.1151227,0.157202462560141,0.0143364,0.0205361948711856,0.0372188,0.0527202609576851,WT,WT,NA,NA,NA,WT,WT,TRUE,included_ok,ok,ok,0,0,0.204351,0.2682559171481058,0.213196,0.27881264640667247,21.2890889,4.47826574036272,1.1982859,1.1363790294578358,2.1619,1.6607917409456707
GLSS-SM-R101,GLSS-SM-R101-TP,Tumor Primary,Grade4,WXS,"WXS, RNA",TRUE,GLASS,GLASS_WXS,5461.785837,12.415421149405,57.47127262,5.86965608662475,20.06111143464,4.39650966700284,25.38494575,4.72164311210092,357.512794331804,8.48588079542346,478.635925200512,8.90579591184535,269.868135407528,8.08144687643605,24.388703112024,4.66611479701584,58.4008992,5.89241286533364,15.6948815,4.06133394809857,158.432025,7.31679764136196,0.432596,0.518631818970549,9.7307,3.42367228594813,3.209331,2.07359096020943,47.987155,5.61433160233635,85.236454,6.43022595129651,6.00091,2.8075424602232,2.12790400447404,1.64519623694373,1.2285715,1.15611924815751,0.431824,0.517854167230557,0.52660357,0.610325470223823,0.3723377,0.456635538483318,0.217503,0.283925327198616,0.042951643,0.0606722680960308,1.16439,1.1139604808519,0.784645,0.835637123175932,1.65349,1.40789111178793,1.2084676,1.14304566703408,WT,WT,NA,NA,NA,WT,WT,TRUE,included_ok,ok,ok,0,0,0.0725011,0.1009791274112835,0.0830811,0.11514127451335993,16.73831,4.148796659725787,3.540932,2.182988432710866,3.429485,2.147138971661416
GLSS-SM-R103,GLSS-SM-R103-TP,Tumor Primary,Grade4,WXS,"WXS, RNA",TRUE,GLASS,GLASS_WXS,5136.07337,12.3267309637157,23.448497587027,4.61167390606309,21.728847,4.50645259516398,18.5362522,4.28808182467732,210.983136473022,7.72780569091029,191.764377904684,7.59069466163063,159.794033801042,7.3290700666564,6.9382834,2.98882706806668,49.994557,5.67227136141908,7.5185081,3.09060078430107,116.89084,6.88130781648968,0.937184,0.953960992289228,4.82296,2.54175270841727,0.430386,0.516404521227398,46.841159,5.58018043557928,45.4769962,5.5384449255188,4.65324,2.4990779457922,1.1544714,1.10733394720576,0.2537677,0.326270068153088,0.657294,0.728829555919648,0.618245,0.694430046288888,0.3148011,0.394844568531074,0.6546278,0.726506726709755,0.1848325,0.244683119461342,1.02037,1.0146195248007,0.2740888,0.349465832425491,0.731882,0.792340636869379,1.4242834,1.27755836047575,Mut,Missense_other,p.V197L,Missense_Mutation,NA,WT,WT,TRUE,included_ok,ok,ok,0.04746,0.0668951518926621,0.0633511,0.08861802828569146,0.2039281,0.26774923522817123,14.81869,3.9835582251179646,1.920491334,1.5462111038638449,1.363763,1.2410853925944796
GLSS-SM-R104,GLSS-SM-R104-TP,Tumor Primary,Grade4,WXS,"WXS, RNA",TRUE,GLASS,GLASS_WXS,6814.66034,12.7346377249782,34.9090724,5.16627648079986,12.87420483,3.7943331837779,29.06736482,4.91012652689269,224.011723930144,7.81385636284028,201.46771305553,7.66154805368072,247.354914213026,7.95625948352237,4.09466110211497,2.34898618121749,29.4508628,4.92841120116828,11.0557611,3.59165082841051,34.863236,5.16443376576292,0.523979,0.607843023038192,5.02472,2.59089419337609,0.989508,0.992411700256643,44.484537,5.50730426250667,45.4194796,5.53665844387937,2.32898,1.73508020301423,2.3009711,1.72289050782152,0.283333,0.35989557036035,0.830647,0.872353625953838,0.4158242,0.50164214004404994,0.159595,0.213621017840374,0.6814569,0.74971179940974,0.109050772,0.149325413142493,1.8721,1.52210598140069,0.7818636,0.83338690412404,0.766368,0.820785941212253,0.3408978,0.423199282692105,WT,WT,NA,NA,NA,WT,WT,TRUE,included_ok,ok,ok,0.247708,0.31928034105716396,0.2471542,0.3186398531562555,0.304557,0.383559981196981,11.657605,3.6619325469289623,2.806424,1.9284362732848448,1.60087,1.378994290460286
GLSS-SM-R106,GLSS-SM-R106-TP,Tumor Primary,Grade4,WXS,"WXS, RNA",TRUE,GLASS,GLASS_WXS,9873.42912,13.2694816273149,54.117118,5.78442854831763,5.79999400058734,2.76553347352081,38.835474262534,5.31598184596099,1097.42592179,10.1012218618699,263.103326292712,8.04495866165376,297.460511600991,8.22139625531505,6.5417253,2.91489460267459,40.992099,5.39204599883086,21.192188,4.47198000943147,52.993697,5.75471909776385,0.287493,0.36456458849566997,8.18508,3.19929228694366,1.3474,1.23106369991227,20.937958,4.45535733984559,46.35693,5.56550365352876,3.66406,2.22158634796072,0.6065502,0.683966061518651,0.104477,0.14336337583992,1.237149,1.16166134687644,1.002633,1.00189805889802,0.2674242,0.341899467501489,0.802212,0.849768729996526,0.260246,0.3337053752643,1.31593,1.21159164789578,0.624146,0.699681327109547,3.25337,2.0886063602416,0.3367939,0.418777055283261,WT,WT,NA,NA,NA,WT,WT,TRUE,included_ok,ok,ok,0,0,0.0294909,0.04193107758270197,0.0376674,0.05334409565804301,14.961729,3.996545029945181,7.136397,3.0243900744704724,4.58938,2.48268826150622
GLSS-SM-R107,GLSS-SM-R107-TP,Tumor Primary,Grade4,WXS,"WXS, RNA",TRUE,GLASS,GLASS_WXS,19922.350275,14.2821726483769,23.2574516,4.60035608899135,5.90131504318951,2.78687129312567,9.16778674007,3.34593377146503,329.272328828305,8.36751229129497,386.0307848,8.59630451405634,230.0180987,7.85186207120785,3.9938827967,2.32016196251485,21.7166093,4.50567560793726,6.244973,2.85698031326893,25.720341,4.7398665142214,0.746632,0.804575677115382,53.0223,5.75548315879861,17.8386,4.23561984921674,16.68475,4.14443391945011,13.707997,3.87852888227377,2.093828,1.62939299302333,0.5137899,0.598164986524726,8.240745,3.2080091681433,0.6043787,0.682014717931505,0.0324872,0.0461238963072004,0.07238009,0.100816339348339,0.0990504,0.136257546580897,0.0870926,0.120474836290508,0.564854,0.646028060799008,0.284305,0.360987858016733,0.275971000346696,0.35159554059852,0.188044,0.248588268298863,WT,WT,NA,NA,NA,WT,WT,TRUE,included_ok,ok,ok,0.5710238,0.65170503669951,0.11214431,0.15334400192223566,0.019988,0.02855217921409549,12.850931,3.791911046175667,0.44741411,0.5334777407854899,0.801522,0.8492162699146338
GLSS-SM-R108,GLSS-SM-R108-TP,Tumor Primary,Grade4,WXS,"WXS, RNA",TRUE,GLASS,GLASS_WXS,9036.60258,13.14172440192,47.345388,5.5953063625235,25.5104284279,4.72848808028726,62.5846369,5.99060632351658,902.104089926843,9.81874846913843,1245.784552,10.2839964694645,745.0255512,9.54308123306791,15.8026672,4.07061835472419,44.968975,5.52258859269526,18.9525096,4.31849831300259,118.097079,6.89599421956876,3.66045,2.22046926419808,11.4326,3.6360561302045,4.530454,2.4673979174697,32.129646,5.05005088276832,63.7602896,6.01703753209593,22.788618,4.57219955570209,3.943951,2.30566444461621,1.068097,1.04830385399766,5.259874,2.64613361859486,5.7212481,2.7487291586717,1.172672,1.11947039279323,3.765366,2.2525870233917,1.260351,1.17654681982634,8.32708,3.22142549170144,1.04686,1.03341242907704,8.089258,3.18416252506698,1.0080657,1.00580647223369,WT,WT,NA,NA,NA,WT,WT,TRUE,included_ok,ok,ok,0.324872,0.4058529831584976,0.233511,0.30277058112217853,1.029296,1.0209793168373036,38.117927,5.289758013591044,6.259586,2.8598872764886103,5.87376,2.781099480331913
GLSS-SM-R109,GLSS-SM-R109-TP,Tumor Primary,Grade4,WXS,"WXS, RNA",TRUE,GLASS,GLASS_WXS,21587.96337,14.3980063511699,54.7337086,5.80047825047122,11.1519987990171,3.60312172725835,22.5649818,4.55857266200087,1482.98371300981,10.5352595428682,691.66988057,9.43602413212672,751.77695265,9.55607864833194,4.1009768,2.35077353915849,39.2027643,5.3292227979033,16.990479,4.169161694024,70.818248,6.16627855389743,0.390081,0.475168951217545,6.69603,2.94411442290822,1.21272,1.14582090248606,51.768005,5.72159153547707,75.8707698,6.26436321087402,2.90943,1.96695827604433,0.7691076,0.823021797754495,4.62156130032824,2.49097087197937,1.4386,1.28605313437748,0.719528,0.782012608235889,0.2898662,0.367221420216031,1.204156,1.14022633482641,0.747142,0.80499686891318,5.08518,2.60529993857854,0.670322,0.740126248222188,6.659714,2.93729052550732,0.2337291,0.303025644899099,WT,WT,NA,NA,NA,WT,WT,TRUE,included_ok,ok,ok,0.154006,0.206650724977973,0.124614,0.16942991180360256,0.0794925,0.11035321996959424,45.7144044,5.5457955688518465,3.390506,2.134387218034687,8.37449,3.228740205750852
GLSS-SM-R110,GLSS-SM-R110-TP,Tumor Primary,Grade4,WXS,"WXS, RNA",TRUE,GLASS,GLASS_WXS,15423.30085,13.9129174761787,63.57699,6.01294829190497,26.380636,4.7750840529291,51.305787916,5.70889869213771,707.122233032222,9.46785460342846,1042.14761434151,10.0267276106978,757.180649708514,9.5663978262809,6.5708849114559,2.92046193729899,43.6269322,5.47984272935147,27.60442661,4.83816652000729,34.370046,5.14445619020351,1.67753,1.42090273953529,12.0681,3.70797749464069,1.172547,1.11938738805623,24.527027,4.67395361923195,38.1390937,5.2905384443714,2.5844735,1.84176122639689,1.6629805,1.41304186427654,2.151042,1.65582898405647,2.593602,1.84543063577559,0.927952,0.947069133401898,0.323673,0.404546762971797,0.98978,0.992608928027909,0.49605,0.58115839283692,3.3114,2.10815641805936,0.65299,0.725077996866133,7.412236,3.07248932454112,0.1935254,0.255229269447852,WT,WT,NA,NA,NA,WT,WT,TRUE,included_ok,ok,ok,0.6376415,0.7116195677362809,0.141544,0.1909864682865876,0.3289209,0.4102552351077616,23.445463,4.611494825309223,3.994264,2.320272085067499,4.14629,2.363532757066557
