pair_id,HALLMARK_ADIPOGENESIS,HALLMARK_ALLOGRAFT_REJECTION,HALLMARK_ANDROGEN_RESPONSE,HALLMARK_ANGIOGENESIS,HALLMARK_APICAL_JUNCTION,HALLMARK_APICAL_SURFACE,HALLMARK_APOPTOSIS,HALLMARK_BILE_ACID_METABOLISM,HALLMARK_CHOLESTEROL_HOMEOSTASIS,HALLMARK_COAGULATION,HALLMARK_COMPLEMENT,HALLMARK_DNA_REPAIR,HALLMARK_E2F_TARGETS,HALLMARK_EPITHELIAL_MESENCHYMAL_TRANSITION,HALLMARK_ESTROGEN_RESPONSE_EARLY,HALLMARK_ESTROGEN_RESPONSE_LATE,HALLMARK_FATTY_ACID_METABOLISM,HALLMARK_G2M_CHECKPOINT,HALLMARK_GLYCOLYSIS,HALLMARK_HEDGEHOG_SIGNALING,HALLMARK_HEME_METABOLISM,HALLMARK_HYPOXIA,HALLMARK_IL2_STAT5_SIGNALING,HALLMARK_IL6_JAK_STAT3_SIGNALING,HALLMARK_INFLAMMATORY_RESPONSE,HALLMARK_INTERFERON_ALPHA_RESPONSE,HALLMARK_INTERFERON_GAMMA_RESPONSE,HALLMARK_KRAS_SIGNALING_DN,HALLMARK_KRAS_SIGNALING_UP,HALLMARK_MITOTIC_SPINDLE,HALLMARK_MTORC1_SIGNALING,HALLMARK_MYC_TARGETS_V1,HALLMARK_MYC_TARGETS_V2,HALLMARK_MYOGENESIS,HALLMARK_NOTCH_SIGNALING,HALLMARK_OXIDATIVE_PHOSPHORYLATION,HALLMARK_P53_PATHWAY,HALLMARK_PANCREAS_BETA_CELLS,HALLMARK_PEROXISOME,HALLMARK_PI3K_AKT_MTOR_SIGNALING,HALLMARK_PROTEIN_SECRETION,HALLMARK_REACTIVE_OXYGEN_SPECIES_PATHWAY,HALLMARK_SPERMATOGENESIS,HALLMARK_TGF_BETA_SIGNALING,HALLMARK_TNFA_SIGNALING_VIA_NFKB,HALLMARK_UNFOLDED_PROTEIN_RESPONSE,HALLMARK_UV_RESPONSE_DN,HALLMARK_UV_RESPONSE_UP,HALLMARK_WNT_BETA_CATENIN_SIGNALING,HALLMARK_XENOBIOTIC_METABOLISM
GLSS-19-0267-TP,0.8001554089006733,0.49572589409001644,0.7551844769983769,0.6968881913762549,0.678339175554165,0.46906109635871884,0.7107316842349943,0.534079710657605,0.7925958358634146,0.5318702163198785,0.6154057357413468,0.7771437172605195,0.7001285627816342,0.7162345130168344,0.5750467843795243,0.5696782431258521,0.7198168577974112,0.7091372773432012,0.688052407898119,0.7315472556185152,0.6700391497966542,0.7045138078593893,0.6076268940147607,0.5336383753214358,0.48294675787566116,0.6864542611745538,0.6316417936081096,0.22603455587700672,0.5739805094999667,0.788905093252157,0.831548140897773,0.9390850567967906,0.7227747847720968,0.629221242281435,0.8025735427470819,0.9261764248626093,0.6828091895412195,0.3424596163025232,0.7109503475340753,0.7462312918543427,0.8580326899976575,0.8318873900953949,0.3460567039267657,0.785235455764865,0.5881962766909801,0.8300062695259538,0.7449358791636101,0.713525420544456,0.6957159206802991,0.5915269079719425
GLSS-19-0268-TP,0.781253865752096,0.4602756421592042,0.7308086911206693,0.6983924950781951,0.6568245269685639,0.46944147533667424,0.7224991685518929,0.4619914234032069,0.750022467274534,0.5276176111674924,0.5901968915121145,0.7886105778871554,0.7844484320810816,0.7304249238793131,0.5541187988746907,0.5342383035986711,0.6616162689021111,0.7923989684547248,0.692876106493156,0.7261176766429455,0.6556004093095866,0.7561285518887346,0.5869922313808784,0.5353572408777104,0.4742685522384683,0.6385231829103478,0.5898137386381348,0.20807193324859657,0.5517197505191505,0.8287783561199166,0.8187459149268538,0.965223166670477,0.7811050569761415,0.6049498229764868,0.757295497519696,0.9014526287678373,0.6940014374642192,0.3708653570015651,0.6375938143164602,0.7487117351221005,0.8537525150317571,0.8237892374268182,0.35204352405404676,0.8055496373378751,0.6561122106552294,0.8431092480806545,0.7407583093473256,0.7037769167434342,0.6497780801176074,0.5517061365257216
GLSS-19-0269-TP,0.7706145989960272,0.5293643819226775,0.7578823255597387,0.6701805827667195,0.6695397430153085,0.46758491318152073,0.7241822913231002,0.47766057679527774,0.7757976626650351,0.5231193159562681,0.6443540360761097,0.786884553550955,0.7861796388852331,0.6769629088516571,0.5703764096444951,0.5480064075695581,0.6676900558840947,0.7872042394919275,0.6492599160413848,0.7501081166827912,0.6529540832516236,0.6791748193023369,0.6113517467715541,0.5462822262769881,0.49501107074464384,0.776621613257899,0.6952986181064172,0.23676898874521507,0.5722639568991235,0.82853841123791,0.8094902946047773,0.9667997442764245,0.7609862640532392,0.5980986245094844,0.7646750505712194,0.9023527630206735,0.6832302179892991,0.31420662265002236,0.6594126179299846,0.7446700296514898,0.8466362523527927,0.8143542398987483,0.36390016372381684,0.7910458694290247,0.6303958409286786,0.8284054005037185,0.7319695338029942,0.717570405821013,0.6808576497748878,0.5473094387197077
GLSS-19-0271-TP,0.7991761284413939,0.5120728559719211,0.757880642488105,0.7354505880563171,0.6823548403468892,0.49649124876618034,0.7469174366821328,0.5201914943736726,0.7573449177707625,0.5489630018133963,0.647304651021762,0.7562123104799277,0.6664934459810079,0.7587072550225191,0.594426705688032,0.5635560754864783,0.6955663654106052,0.6761554567680317,0.6703758663841982,0.7295878905301612,0.6672563789727296,0.7421905450803173,0.6310052521516389,0.5826710249783459,0.5292448737387386,0.7243751337613479,0.6695156699685131,0.23641194042685137,0.5907056582407698,0.7910526993308832,0.8092921636407916,0.9258397453145146,0.7591811435825075,0.6412033670787911,0.7964824898884069,0.9289372861992505,0.6973651829178997,0.36776282111710457,0.6776075016827311,0.7536522831764707,0.8567674043140405,0.832776368180423,0.33893359897000064,0.8341151951147567,0.6835609703933248,0.8415352702154569,0.7765576318909652,0.7207197904990692,0.6838930023595738,0.5929149491617054
GLSS-19-0272-TP,0.7888785945840934,0.6035378757859535,0.819510679455561,0.8040259861182825,0.7010259506029454,0.55789613993270315,0.8094242415405147,0.4712741795146675,0.7861060113786272,0.5907079981389003,0.6840516135269206,0.817032528004915,0.849085611033159,0.8974318243707387,0.6101364211859006,0.6023008824650699,0.6807986716469075,0.8382922638004966,0.7513816493188358,0.7279824694264293,0.6518083198554644,0.8038018181588581,0.6967037867662392,0.6838173274760444,0.6224476801865041,0.803368523235672,0.761392872890115,0.1857493380736806,0.647805346047916,0.8324979640995519,0.8784116865334565,1.0125460198383427,0.8528071538399231,0.6189587293400022,0.7641077077439629,0.9222452042239296,0.7733655731608122,0.26328574235314073,0.6606219181639287,0.7727500485862131,0.8655810030518243,0.880236652301235,0.36001814168013885,0.8887848048735806,0.7920709353563073,0.8946880761508429,0.8137036628999559,0.7486942962764754,0.6854073651688398,0.6014300639913545
GLSS-19-0273-TP,0.8188270361609725,0.6047710708571998,0.7809131044145884,0.7655142986893086,0.707732471147586,0.5080038341472536,0.804937635556065,0.5192832807170464,0.7997341543923607,0.6042636683212006,0.7108089396946545,0.8007404601637039,0.7619955496365924,0.8595409218473007,0.6357467458101653,0.6177083631030219,0.708208007051599,0.7418849537616788,0.766213701109381,0.6907120541891064,0.6831114595273956,0.8375294893700636,0.6856114653647568,0.7090846333345594,0.6352779012053453,0.8224713135682851,0.7743431695364067,0.21563903264482387,0.636552441582269,0.8048568662568645,0.8706571590139518,0.9699821361361064,0.7791552334503523,0.6471094547109559,0.7326113400817722,0.9270649845934565,0.7604011241702603,0.28879248890772224,0.6903363775382391,0.7612178613794971,0.8626133748977362,0.8995458287648171,0.3426694972852446,0.851884792960093,0.8233812833672984,0.8634968991284043,0.7991839095810938,0.7534737545255271,0.6348856887738263,0.6365825040163917
GLSS-19-0274-TP,0.7934716647442391,0.6017149820186534,0.787348504651144,0.7649360445477965,0.719854988032394,0.5317180808483375,0.7944562187784623,0.5088470857689177,0.8236869824701192,0.5976468189374607,0.7089759172970013,0.762931465275249,0.6732418939508148,0.8232012287178712,0.6343832774889225,0.6086187916281931,0.7019670338841695,0.6899940286806812,0.6755513981272933,0.7348879481423931,0.710565099380952,0.7874913842874811,0.6749692413275022,0.6692886107638754,0.6034867083012826,0.7295359060555698,0.7080424881395057,0.28098781362852526,0.6546126649501457,0.8047724404939368,0.8461138542018154,0.9372208564331311,0.7537244112542809,0.6865371752659711,0.7606957453636902,0.9066182702293442,0.7331892543988963,0.36895794532918313,0.6761350133110199,0.7686130606238056,0.8462205895455841,0.8649699466960202,0.374761400397853,0.8515951480473918,0.762963631440839,0.8499060937122938,0.8120713303298966,0.7431709525129183,0.7036524706792452,0.6179182408103173
GLSS-19-0278-TP,0.8053387027142809,0.5438535372414594,0.7698318961917879,0.6978202256561462,0.6760166010837565,0.4606122296867795,0.7696863232002377,0.5007414453068569,0.7898706314180012,0.5675390371938823,0.6581185850395764,0.7740189338336232,0.7092634078612664,0.7720041417198437,0.5937743943141315,0.5758483050288923,0.6804266447810785,0.7249876245002852,0.720560077154326,0.6840663765423138,0.6831611229114752,0.8118878781578919,0.6462863867468077,0.5935403584649042,0.5335578780794448,0.7240622098736941,0.6785724728731748,0.24180552606217756,0.5963495891253469,0.800530726539482,0.8490320341102973,0.9442175430131218,0.7608103732480445,0.6380482634705769,0.7572496916343625,0.9035236037262923,0.7290887671879728,0.3282950103478259,0.6749736272228322,0.7606889322757671,0.8782039241474754,0.8667089135402595,0.3456375454919643,0.8303006970958814,0.7218706188446103,0.8726488970055148,0.7631197376031119,0.7348585124235621,0.6606338635174729,0.5870649454998436
GLSS-19-0279-TP,0.6996571725721951,0.40197071746996405,0.6840300370688788,0.49909490551233754,0.6118205420161978,0.46161018193483644,0.6224186742632078,0.4211745431345195,0.7177793083792486,0.3840230339265856,0.5210026914155936,0.8169846469021578,0.9710770653469097,0.5674772363801079,0.5260588979548214,0.5285941800973398,0.632795699920666,0.9411338513732572,0.6420515446078909,0.7307983618814878,0.6128694250836568,0.6142123057701039,0.5137248179171224,0.40930819196995205,0.3320809411234123,0.5314224257096606,0.4939195387159305,0.25708439639818514,0.44745413029859865,0.8909120873135491,0.7857737577702631,1.0046587861536669,0.7986216313726243,0.5200180468556195,0.6102848120460893,0.8647281452433738,0.5994228553840433,0.48698059297441326,0.6518872061652429,0.7290389272480986,0.7951458643592004,0.7528897638608825,0.4528635847866553,0.694376930946714,0.4847455661937489,0.8060293757333709,0.6805138192540742,0.6694736622101165,0.6425830628454148,0.4793726146469645
GLSS-19-0280-TP,0.7933582927023668,0.49318071964914856,0.7799591820464367,0.7200303699499284,0.6882410361530927,0.5152685018989052,0.7553532578294001,0.49179545879332875,0.8247071901122797,0.5324419899861467,0.6232450401255841,0.7932015697998327,0.7338938484826266,0.7666448338550418,0.5895120922914695,0.5621588229803812,0.7020258518456526,0.7416738343352685,0.7040684791614054,0.7366940428225106,0.6566026857545904,0.7681859652590982,0.6330882751414384,0.56828927251749906,0.5122004566333028,0.7716269101225751,0.6843462441032491,0.2024182903389122,0.5823734185838366,0.8130976673949502,0.8413496159963046,0.9702947650922753,0.7656416720725624,0.6113858186196324,0.772226440100503,0.9341089964889157,0.7093516992293392,0.23855838859897904,0.6553848584591918,0.7623271930900023,0.8744712352923555,0.8235657888770888,0.34134937247347064,0.8200055696142021,0.6903367824831984,0.8510072452350642,0.7738026460485629,0.7087015707457017,0.6979956805255778,0.579908403215883
GLSS-CU-P003-TP,0.8292415778004967,0.5312280829386238,0.7596788588366449,0.7987011959550223,0.6776216512042826,0.5266452306532127,0.816812062863805,0.4927589750181663,0.827560360351381,0.6102511645949205,0.6630371094259997,0.8432218365944655,0.7302483806308403,0.8275663960481842,0.582181890808703,0.5922161565466384,0.7190431180633796,0.725708513537129,0.7564656987478818,0.7200201701491636,0.6734813771257526,0.8355733209818135,0.6688478813732431,0.6321973927709539,0.5739140620150933,0.7361609572579717,0.6874440247471608,0.15642985246276406,0.6254924063854539,0.7685677944500419,0.8943557168908702,1.0051752508218355,0.7922812659917177,0.6270194910418868,0.7543522480850648,0.9704160045957694,0.7714253059682166,0.22885285070391173,0.6645447191731886,0.7623572499502079,0.8771118542418794,0.8916269109961314,0.31020620885294764,0.8328037989777194,0.7975620457768926,0.8864598644298681,0.7476822560872274,0.7665442003960954,0.6806313404303163,0.6086435864925818
GLSS-CU-P021-TP,0.8129155675378804,0.58112386001059,0.7544643047441123,0.7851175080165465,0.6381248250877389,0.49664042086817867,0.8175528163397728,0.49936219873792315,0.8344124371902231,0.5966922461372174,0.6643363429326624,0.875473030689392,0.8005135245451269,0.8633388346426645,0.5420881009467249,0.5819996492007358,0.7303673612769921,0.7640831307329946,0.7594287611951799,0.6181126875547379,0.6332953502120973,0.8110249466733641,0.675749591032384,0.6611695708918843,0.5867111202935044,0.832813031007376,0.7664593878193057,0.12339874084217865,0.6333180751490018,0.7380857827710438,0.9100569263332277,1.0330398970119903,0.8492524017530944,0.5892823793661859,0.7281895710040641,0.9845622424278411,0.7642529522584112,0.2625836758588597,0.6834185759541249,0.7497532075823162,0.8653989712259614,0.8797807666779183,0.3237435953044038,0.8165329385646153,0.819137387523977,0.9033914293945324,0.7284981057810513,0.769119027326618,0.6619463726530382,0.6061872088918713
GLSS-CU-P046-TP,0.8152989909456566,0.5095822040315299,0.7006392984553395,0.703079541098016,0.6702997196728462,0.4816227161440652,0.7500487914007202,0.5269675942916392,0.7785546890335359,0.6027747672065547,0.6564742685145073,0.8441454610371509,0.7451722357023299,0.749696929483362,0.53450860777070075,0.5772933019421294,0.7263327810481321,0.7013961788585377,0.6938340856928485,0.6581558217264929,0.6746247386830423,0.7202086291197463,0.5866421538044367,0.5550541552885438,0.4665303098461365,0.7347922140175763,0.6651987897265091,0.208051812362404,0.5782874320354539,0.7534066529717729,0.8523353093857207,1.0070329036267713,0.7645777707386023,0.6322980847271237,0.7246651149807397,0.9687620060618627,0.721817994506547,0.41954951877185387,0.6865298104973507,0.7373637589457593,0.8531708109308463,0.8793848620169449,0.32915455801883237,0.7536435054288078,0.6287660599411015,0.87025221884826,0.6867282711435342,0.7462360241283296,0.6432234084974391,0.6083912959178217
GLSS-CU-P053-TP,0.8417012084943265,0.5707963153922655,0.7613205438499022,0.7179649188738647,0.6249566623109845,0.49600797175856903,0.7881011255201402,0.5472234462685672,0.8075456177315659,0.591697768598726,0.6813579634183579,0.8655217343764265,0.7505757314977757,0.7601637599949665,0.5423906556349297,0.577963777041288,0.75432127161275,0.6973304887169072,0.7460360262841228,0.5881172489436842,0.6705056120502799,0.8050638290590303,0.6502143742326472,0.6834548146896595,0.586439971180995,0.8046397614153779,0.7493104352249758,0.14733683881145884,0.6401300023639153,0.7113576555897716,0.901447462157661,1.0124935902207894,0.7964935608897448,0.6012640161655866,0.6832875874026466,1.0000984906976704,0.755712868243116,0.3042528570438617,0.7002314106359804,0.7470468895038352,0.8694087407697696,0.906883148915983,0.31544090312060585,0.7711437104544511,0.7363812489639681,0.8945064017799376,0.6728023976850618,0.7610598362744139,0.5841880203126694,0.6483050527437098
GLSS-CU-P055-TP,0.7952192863904354,0.5640063967176379,0.7536078699818236,0.6637957131393623,0.6530952115566977,0.45008700539596935,0.7808779945515322,0.49908845453813583,0.8262941502104472,0.5774302199696902,0.6601892062751221,0.8665767941260049,0.8559608557960056,0.7565806209362855,0.5633939828019033,0.5801271752844774,0.7023560364799757,0.801334791518935,0.7447510780203707,0.6543173333849828,0.6789932370614155,0.8004508993667245,0.6534008826587582,0.6155496049939573,0.5591864037508635,0.765188538830984,0.7067626358711269,0.1533476205431105,0.573455983390368,0.7846979775099192,0.9177906857663887,1.0408357252484424,0.8315928857076232,0.6004175238077898,0.6734860685727115,0.9547111396062008,0.763664765957632,0.28709912218209777,0.6528773413842689,0.7687396377133122,0.8651851723019532,0.8933162124045528,0.34553712861727215,0.8016399798514652,0.7682015748194752,0.8931402465991367,0.7219971904408932,0.7843913768881998,0.62276304608353406,0.5869190787538155
GLSS-CU-P069-TP,0.8234833061276594,0.4794840268988825,0.7464062611783584,0.6996776177072042,0.6790824704521394,0.4877358795901051,0.780511933785174,0.5004675147136222,0.8163098858812692,0.5817490587876815,0.65051865278581,0.8648044783456185,0.8487885680645693,0.7586260499289913,0.5635687932087571,0.6043923788278884,0.7321767579808113,0.824568229203215,0.7553767511946857,0.7511630212244496,0.660658661415404,0.7859104122336661,0.6138989843278786,0.5549702401285831,0.49733113076991436,0.7003793567734149,0.6430268062807918,0.210110061366968,0.5979864539225141,0.8010571895031288,0.9096986548639382,1.0383851481565547,0.7965645604937687,0.608996551549956,0.7580363409508154,0.9782770763112978,0.7315086537681673,0.43078682508562116,0.6926025975608431,0.7513820739646981,0.8651560764195917,0.8777731539477237,0.3947481543591934,0.7894495300293355,0.6682510024560804,0.8733694774478417,0.7023035583634542,0.7689660843891157,0.6775919264696743,0.6027084330865754
GLSS-CU-P101-TP,0.8272467665604817,0.5941350850993092,0.7255267120149668,0.7273977396826974,0.6732617014331312,0.4858106658332285,0.7875797013211,0.5220651169132082,0.8036064240422855,0.6216177589148545,0.6965840812216525,0.8428239885438968,0.7268061636157963,0.7787881341324224,0.5662765999298057,0.5840389316851958,0.744854045067182,0.6920158000035018,0.7270205999334235,0.6833853111437492,0.6752753487636171,0.7767525118277375,0.664091770096272,0.6341162892672082,0.5739416332462655,0.8768868193174199,0.782499286675267,0.18435813634321166,0.6300550034135296,0.7509828010614462,0.8668711936842872,0.9968692296541104,0.7721595707339597,0.6496534230064184,0.7067194719398123,0.9831836994985219,0.7572531843133109,0.27730230459554417,0.6809623313887858,0.7426939585852873,0.8616268576914385,0.8926110187481716,0.3162130853174539,0.7906434881807719,0.702819501145383,0.8724593770628664,0.6987840987530805,0.7615249479264795,0.6456325310733131,0.6406954110340065
GLSS-CU-P102-TP,0.834274479204076,0.44238614906084234,0.7323075991132129,0.5611275930192634,0.6530630570046029,0.47559397259924935,0.7262874195251933,0.5606874061406534,0.8362555477766637,0.533275865257357,0.6072076754683784,0.837669194282053,0.7431686856299078,0.6561618677418789,0.5717342910748807,0.5962517820610649,0.7571664506609267,0.6944195119509169,0.6982211756134269,0.643047297340276,0.6957385953889733,0.7125949258796342,0.5787382195262762,0.5078613321498593,0.4468580237750008,0.782230895151445,0.6600982542308511,0.2573802397097174,0.5386171017174237,0.7526041139893255,0.8795586595339925,1.003144736955555,0.767958221085581,0.6171229514255817,0.7290138470003277,0.9819968482674837,0.7215085577206125,0.36866300977860916,0.7003293776197128,0.7447384996157222,0.851237995412257,0.843903333682965,0.34576723103263624,0.7661632495184559,0.6253764642824194,0.8566535640349826,0.6609945120718638,0.786138494815451,0.6446685344898262,0.5991873513720876
GLSS-CU-R001-TP,0.7608350794805934,0.48786932964609464,0.7398667462351232,0.6560155560038009,0.5899499358994532,0.39711413191243,0.722861650226587,0.45344315810780156,0.7368073926086562,0.5233856494733876,0.6148290170513607,0.7666517575902184,0.767431162658211,0.6909891588974655,0.4914902329560818,0.4928754973913411,0.6417252285502258,0.7699554369549679,0.6597703305195928,0.6312582290926154,0.618021720488421,0.7014942804153308,0.5787012512414327,0.5361405331415077,0.4926662157039782,0.8480381943628096,0.7295059012405218,0.0605106193583493,0.5277084157927171,0.8099367933200006,0.841839290375473,0.9840089654842156,0.7024211437368941,0.5310043965257344,0.6584242972971337,0.9137485466530784,0.6607311112599431,0.1423023480659985,0.6097942750725295,0.7257768418889976,0.8707655027437595,0.8238132264435457,0.2837870819298062,0.8048063833065195,0.6228848067779362,0.8289916927695331,0.7058482157661363,0.6711163661360505,0.538426044613693,0.5422280255160473
GLSS-CU-R002-TP,0.7335269472310001,0.4823629140235958,0.7353860011809745,0.729006103730013,0.6054295764505558,0.4364389382079278,0.7295519431473474,0.44591204539771867,0.6965048465639007,0.5239175077630196,0.6250816016495679,0.7428356218690212,0.7243810684982288,0.7709931399403003,0.4949659464854711,0.4878827559330788,0.6162860358162151,0.7163858419955011,0.6615364466485469,0.6025433235811977,0.6060696604435383,0.7191579774463197,0.5686093362951865,0.6012907460891959,0.5236772510284862,0.6714995960925985,0.6350084115954585,0.05267840630478688,0.5636855768190469,0.7815947138745188,0.8198440675223927,0.9668267481777366,0.6721836747721485,0.534252720781241,0.6585582197293498,0.8921457733290609,0.6628505171960208,0.22133903336591249,0.5964619349281197,0.7368947600472673,0.8578557180241607,0.8104765784160815,0.2522430309558532,0.8192506726986002,0.6823388877827746,0.8136743608485829,0.7379948829474563,0.6373391659884466,0.5620971036836525,0.5178248697494422
GLSS-CU-R003-TP,0.7450085518474671,0.4266753322206519,0.7376656826528767,0.6758817932208311,0.5893156935056462,0.3672654340364499,0.7120489160712029,0.4445338436116041,0.7262062587285696,0.48528080393567224,0.5883715940257123,0.7227142015406699,0.6635503820996914,0.7184698351948972,0.5032733605133852,0.4740813643633216,0.6059736786424642,0.6619121714394639,0.6407868061394052,0.6022835631804525,0.6137862376927157,0.7358897183704298,0.5422048753288872,0.5042319855675982,0.4590333160670043,0.6786078405680491,0.6087081857042941,0.10771386932530196,0.5332884124333096,0.7574775848697491,0.8016755010267861,0.9359067991959902,0.6709912812270938,0.5529071619809703,0.633118711035641,0.8838763942888067,0.6657847712674583,0.22318683743354967,0.5675987951884257,0.7231954647904498,0.8571804127597715,0.7872628941171197,0.25172025128838,0.7712965076273468,0.6368610726673198,0.8046282596091469,0.7348475531713595,0.6441791406930908,0.5432566319083018,0.5059205482939756
GLSS-CU-R004-TP,0.7078675961191013,0.47451404577682815,0.6705709814268037,0.6763148429691481,0.6187726496637033,0.49396293798441493,0.7030356157553272,0.5042761307175683,0.6799830025762238,0.4958374048711745,0.551893376531615,0.6655729796508851,0.5887025737917596,0.7059365151774905,0.5338843571984669,0.5040430257264871,0.5757327815327028,0.5759952619657732,0.6202330025293089,0.5455358493409889,0.5898511114394903,0.6560990927538769,0.5425571034681111,0.5351651816966108,0.48872759369633684,0.6306076299294446,0.5947488375213112,0.2018052186217115,0.515501799503911,0.6984714453835865,0.7143081392282494,0.8016335887902422,0.6167976509890928,0.565282977967829,0.6430332106369001,0.7932430760335416,0.652741111870726,0.2093439669353411,0.5703970398309882,0.6824120445723758,0.7318890099199684,0.772164077789055,0.23255507042476797,0.7789251228901137,0.5897979574388447,0.7179207810022047,0.6529339159592975,0.6082192874397621,0.5445134770376775,0.5355332851738157
GLSS-CU-R005-TP,0.7513853910871434,0.4293747174657195,0.7337379365015847,0.6478690537854079,0.599456953325378,0.3998009215760656,0.7036084865850164,0.4623399776893406,0.7404200174647765,0.4707592205265805,0.5790540864318143,0.746729735288595,0.737043832903794,0.6763313603767861,0.4907844852837928,0.48043772483230296,0.6458877017577573,0.7225246462123782,0.6240086901081044,0.6589261277085648,0.604991529014788,0.6537920341435336,0.5342904088868933,0.48100011041057084,0.4441744058165349,0.6746391945795541,0.6046896791777217,0.09861896062901473,0.5317254534754186,0.7890668749883681,0.8046523341609005,0.9725609680639038,0.6747707264890132,0.5139995262357153,0.6805864837540098,0.9177101809736398,0.639532223425706,0.2430268303240522,0.6071742767473246,0.7152665589134225,0.8647221319877552,0.7903427587601695,0.30691225402980415,0.7805422764105935,0.5682068156235506,0.7965829775374835,0.7110656595319689,0.6639785072733546,0.5800168330643564,0.5170265615548046
GLSS-CU-R006-TP,0.8439679958730812,0.44749545661403406,0.7088968678510336,0.5457029027062071,0.628753278435886,0.44296103861175423,0.716304332877303,0.5701293464594367,0.8008609602673502,0.508248340817772,0.595910780224272,0.8067497100455233,0.6115580450459637,0.5991440252736819,0.5572842097841495,0.5788584404447659,0.7747323017932863,0.584617750485685,0.655545182675026,0.6195112860811143,0.6936303787439759,0.6945765043078138,0.561028237266907,0.4895835772865801,0.42873006264556623,0.6934075822540782,0.5931640785432258,0.20946845821939333,0.5510790326723375,0.7081472145563965,0.8166658536522812,0.9518243976737443,0.7106396553533239,0.6377863086857962,0.660450463959563,0.9976100423110167,0.7032863530342474,0.29337800920598317,0.694733736344891,0.7105083210542649,0.8212701633056687,0.8579063211604153,0.3113547916267268,0.7446258995157837,0.5772421258415706,0.8060583088198016,0.6486892344215542,0.7498976502824641,0.5986339987203522,0.6002590495330151
GLSS-CU-R007-TP,0.745219206576177,0.48343397899095736,0.74511264902127194,0.6586204400483511,0.6192322647491978,0.4198480097765912,0.7095275367311339,0.4753637842437,0.7319739785389439,0.49029588903823323,0.6067974731266558,0.7025734844966653,0.6276271482785295,0.7126504293429987,0.5355263091704753,0.5128853408588602,0.6442842385339489,0.6332924389611067,0.6071495543302298,0.641772742794506,0.6331156868495309,0.665628870392114,0.5677845886433942,0.5427793813886241,0.49219203659831784,0.705377379671768,0.6497705444903012,0.14037499275070703,0.55737458393877,0.7680757567221145,0.8064970437825273,0.9286310496621929,0.6079412440921768,0.5731425228806707,0.64941555589495,0.8915379889299948,0.6388132725070603,0.26101252578309714,0.616845585098152,0.7273625607330648,0.8521251573708483,0.8104016815084942,0.2930893216395142,0.7985400195597218,0.5884640903340672,0.7816805638458028,0.7553935500113168,0.660532046155952,0.5209968223588632,0.5373243505083642
GLSS-CU-R008-TP,0.6985476821154507,0.37345982732709915,0.6729243593657982,0.48571424286698683,0.5698071183861564,0.39777402905702036,0.6271407835499615,0.43011611466392813,0.6899661995398682,0.3974618319754404,0.5128116517317529,0.7137495709238101,0.7232415109130435,0.5776017159453304,0.4594764747923043,0.4471472380187197,0.5904413460960783,0.7155306146225279,0.5805042976854472,0.6195527476829298,0.5811433418956612,0.588917252252418,0.4631334371268152,0.3906660810758968,0.369538621944691,0.618432162451173,0.5473108118124094,0.13268098797598296,0.45915394014799893,0.7852612475256175,0.7616354398858581,0.9360512970765905,0.642530625744118,0.48754582190813184,0.6119899474729374,0.8567479025273067,0.5886315867705979,0.16555843152282676,0.5755859054589391,0.7006425757254403,0.8366374599502361,0.6947703505923725,0.3027897266743336,0.6858112267734507,0.4686936983136095,0.7722774215300148,0.6777960001806077,0.6027446683644955,0.5498577368744525,0.4632680511178965
GLSS-CU-R009-TP,0.7979852075932247,0.45028908370750764,0.7266493290913011,0.6178222401947421,0.6407817835154574,0.4624650353870606,0.7073826198642504,0.45713723117131383,0.7476549995386035,0.48855809150094726,0.586297577535964,0.8809536422683095,0.8244037209955918,0.6661861191702555,0.5312283312417279,0.5420819075200882,0.709682907110077,0.7908706634346114,0.6852066631071639,0.7190738748486156,0.6727588829758243,0.6972901315300709,0.5526629086882334,0.4829055058073848,0.4079570377062579,0.6454942482394345,0.5814908567918111,0.20123813642282268,0.5363660964393475,0.7645653055284429,0.8652532328348874,1.0457790962630653,0.8628369119697987,0.5741135453028351,0.7240674177746582,0.9871727935780041,0.6863953135453538,0.39946818673513695,0.6647754710849079,0.7372781045079946,0.8432620067374926,0.8276744183184281,0.34296541679260545,0.734222458293852,0.5739538224854616,0.8713092667417269,0.665170457337784,0.749963960406476,0.6992934262071004,0.5540943478229401
GLSS-CU-R010-TP,0.6938504923940838,0.4257135618961899,0.6735789801247324,0.6954934650547513,0.6140780190329622,0.39483991871275553,0.6785367095460754,0.3907753128356355,0.6483151793289359,0.4605597962033629,0.5598685736087919,0.6907695373840818,0.6947273349129923,0.6992411368809979,0.46278628734549,0.4444052678835689,0.5624173689925136,0.6893170244308892,0.5710331393363594,0.5736962721216087,0.5678136918443297,0.6060743553995078,0.5007886942558155,0.5013220800117257,0.4205087448803171,0.6585741771707093,0.6038539961683387,0.09201736953632125,0.5152452353869271,0.7847305012042168,0.7248195415030977,0.8870626178161121,0.6113124503927502,0.5386022593038925,0.6333121393897314,0.8106126049389842,0.6175458188496197,0.16876165449143107,0.5369305215114081,0.6832534001366641,0.789030069332493,0.7339289797250494,0.2660843593273202,0.7677884980893166,0.5038244446048284,0.7464200767452379,0.7145092416284633,0.5808791660519289,0.5612957835654643,0.4909582510890076
GLSS-CU-R012-TP,0.7296439493316895,0.3500848778708235,0.678247988842552,0.476158465159921,0.5741412506048775,0.382406287034866,0.6309265144962546,0.4340964658684641,0.6913847055467374,0.3790086611836018,0.49323472470954954,0.7191954860138424,0.6384968623933549,0.5301157361923622,0.4933257358244584,0.45364909537488174,0.6121162497071441,0.636765025327518,0.5859214652222362,0.6720609794631933,0.6323026572669549,0.5966142886533701,0.46519219479658475,0.35834902456544016,0.3388571939009055,0.6639202955955038,0.5494233841450327,0.15319555375866145,0.4563122082300894,0.7592245525904988,0.7550977897591656,0.9170530815350729,0.6569930727076598,0.523818465027039,0.67414224667902,0.8887549991834165,0.5855153951196866,0.2615316150691831,0.6127643254200796,0.7145802585577791,0.8198954904596204,0.7616252963996173,0.28243202930562494,0.7207305644483867,0.4450192065761639,0.7992423878717257,0.6776778443173063,0.6296132624047655,0.600775426343546,0.49988261038737747
GLSS-CU-R019-TP,0.8206591119353,0.5789579074492361,0.7064269228009608,0.6385362929605365,0.6543299268573533,0.47021713713861885,0.774841964819381,0.5353440962234972,0.8022201867672147,0.5728787662140881,0.6807792286839964,0.8569775784202485,0.7675207944962876,0.7269023769722728,0.556867084980123,0.5966935058615127,0.7407422164787285,0.7131527212367995,0.7249494384734241,0.6455452786668463,0.653169258676702,0.7403600253437044,0.6301577031716017,0.6421593145360718,0.55099345776197,0.8272728404446996,0.7533592627699096,0.17274874938941556,0.6124633529845039,0.7192081102061887,0.886088341956856,1.014267547368981,0.7908061817859183,0.5864418982843316,0.7091132689791754,0.9850594200987518,0.7366757389628289,0.3840408058653655,0.6956728277169193,0.7299063539925092,0.8548617471404689,0.8768380009387242,0.34506187132427524,0.7547367632983021,0.7000963733388639,0.8675584221811762,0.6521117940602575,0.7720230083121552,0.6023221401105283,0.6210172810588096
GLSS-HF-1DDC-TP,0.8308489610809625,0.5140149232956789,0.7694126415899578,0.6622632917391504,0.6477552834387434,0.47500066356878884,0.7465665397781163,0.5581946415973472,0.7987475995109083,0.5290499025518506,0.6450826606358085,0.7974381544142425,0.6690380115480127,0.6941265504261032,0.5687465755730436,0.5601088761815746,0.7410209411138736,0.6589657581625856,0.6760395976965936,0.7095669394321955,0.7005514646546674,0.7035445254041556,0.5984200245642465,0.523139328953283,0.5162792340806082,0.6917074796166519,0.6388400920645202,0.21484555911208386,0.5976579176768576,0.7728110011518174,0.8612780138124373,0.9791291490702733,0.6887996367158538,0.6148292459592609,0.704327969647125,0.9914814988793542,0.7075142478538676,0.3509803185967022,0.7059275374713115,0.7614899502933592,0.9107468342592319,0.8716061215658109,0.36180402071556306,0.7788603859720015,0.5893483862592999,0.8354661873810761,0.7536583254136222,0.7309246425433227,0.6029321572455791,0.5922224772246077
GLSS-HF-4D9A-TP,0.8404980081675899,0.528089633967464,0.7881893917542868,0.6572911746009403,0.632007927528151,0.4532071500102079,0.7707331231299643,0.557442855327244,0.8024763219550813,0.5789191469798018,0.6735863623155884,0.8003723449216898,0.6949994512833391,0.731497209628681,0.5558506373757094,0.5615491585081359,0.7446270027895143,0.6792036323224049,0.7235023477997815,0.6855171897273427,0.6905091081079383,0.7840045235263605,0.6464806094295225,0.573138121005715,0.5555359547828382,0.7408926616657051,0.679702238605455,0.18532151150228549,0.631337049494819,0.7738944169543615,0.8908960242273597,0.9900417172607816,0.7132288830745893,0.5853529984535523,0.7333421408816673,0.9797831954506334,0.7310126366319939,0.3234023371456251,0.6817115063654621,0.7654347535527686,0.93925389420306,0.8633395802246886,0.3368829081436829,0.8368872963760994,0.6659780396032227,0.8618784352238926,0.7584888128480218,0.7435098922751541,0.6229567230165363,0.6092274138814875
GLSS-HF-9A7A-TP,0.8164614451088287,0.5626233948653091,0.7812234699191933,0.6723216852892049,0.658061405043,0.4302884668846246,0.7911419272746307,0.5010561880180494,0.8397235008660452,0.5708649434853322,0.6764386471618143,0.8192833619258102,0.7435308949711996,0.7672687252214727,0.5633639833536209,0.5579555940836162,0.7225199888368595,0.7449001624170207,0.7386086912863885,0.6980734088655884,0.681882229564034,0.796130860222654,0.6511184508064229,0.6245015276617919,0.571299681170236,0.9046030348964867,0.8002795152998876,0.16429015843066397,0.6154006653817995,0.7918062571677734,0.9132188539893059,0.9943505584311028,0.750812579656171,0.6046264386056562,0.6969325872630527,0.9685087174758825,0.7454987648962396,0.2908999198094681,0.6645625794648734,0.7698053271572727,0.9166026294397757,0.861451812084002,0.2988043777694747,0.824461414980991,0.726767541120076,0.8855075602712263,0.7369373692789896,0.7483109171835154,0.61316952107885,0.6003610709204898
GLSS-HF-50F3-TP,0.8210418801959376,0.6351822483830469,0.7840112987621074,0.7538637320170374,0.660783848762525,0.4584770907693275,0.8178771592794929,0.4981354488119303,0.7925287053159941,0.603713806460753,0.7203423421337359,0.8206643391269661,0.7578648011935493,0.8224690210339312,0.5755447420038255,0.584263794603451,0.7211081001082272,0.7448015323837519,0.7450978080027898,0.722374714737825,0.6704147414732253,0.8419953448799434,0.6892219486390783,0.7283216062801834,0.6747971302704018,0.7747784040260582,0.7508166664653692,0.19095017872274772,0.6954094521893592,0.7799007534381636,0.9133785504988179,1.0112747230098564,0.752472649277846,0.6055051033360486,0.6862051415911835,0.972309463273942,0.7693104670205578,0.4197264841952749,0.6909767128478961,0.7848901837571955,0.9064854062777993,0.8945930621079492,0.3628065916336928,0.8273321245493824,0.8207251420075212,0.8918151069890954,0.7701923853082357,0.7709819740623094,0.6033430454235257,0.6251704331492367
GLSS-HF-57AE-TP,0.8149873324799043,0.5571096529637781,0.7650401579807,0.6262121661946685,0.6633314248980635,0.4349900200331232,0.756613466645713,0.526072264026286,0.7700565138446583,0.5488864153046553,0.6821652072488442,0.7672895668852747,0.6543614017469863,0.7157343323939431,0.5972215316317934,0.5953405843782301,0.7306024762386168,0.6552457610865502,0.6762381342168873,0.7112098527059753,0.7042250843588004,0.7127293929866978,0.6194782911166792,0.5728861207135185,0.548443796975244,0.7764684880471895,0.7156419630043644,0.2511637037614002,0.6252024389763876,0.7739027354145758,0.8598373512129327,0.9669187152184637,0.6583977342078119,0.6362802482976682,0.6433497722956344,0.984830493627972,0.7133407031868881,0.39797773232828226,0.7005922601925749,0.7733641042937887,0.8972334044231036,0.8876712427499616,0.3735600760007958,0.8025149236333055,0.6390074072857432,0.830131680231575,0.7774639287883784,0.756691011825994,0.5718019501120966,0.5923653999033314
GLSS-HF-2548-TP,0.8150268618453762,0.5185799046994621,0.7332028949279132,0.7037425426700297,0.6658879902782274,0.5028954452382437,0.7731528051772095,0.5134327963497045,0.8383148369952834,0.5738369617522325,0.6372851786232422,0.8647059557876724,0.8069264467129356,0.7606642066445884,0.5586308549568004,0.5857416975339368,0.7297451182349683,0.7785949444853323,0.7309464966929331,0.688874373975901,0.6576611415852649,0.7670301490630963,0.613882764579074,0.58904823863615,0.5040001162626392,0.746932188128639,0.6776957521343548,0.1654063986477655,0.5634397076047496,0.783499193552348,0.8946042796495367,1.0229815535736588,0.8104721712912305,0.6125265724263574,0.755032710738171,0.9810774664202603,0.7324953559590048,0.2222065968453739,0.6886846886293508,0.7469203036423202,0.8498262239458764,0.8585956090696806,0.3293354101822943,0.788160174721392,0.6788093788315053,0.8784206066372467,0.6750007305523494,0.7624809191905949,0.6553066306343496,0.6117106352019025
GLSS-HF-2869-TP,0.8148984709222474,0.5818547373375035,0.7079800888249886,0.733248213390746,0.6483438833706245,0.4720802843874124,0.7764569122023885,0.5080825037675529,0.813201013468522,0.6075771263302597,0.6609945715710797,0.8712641862803878,0.7180281134730467,0.763343628275863,0.5432857491010948,0.571731883607854,0.726845853237556,0.6770265340405387,0.7437124634991465,0.5892095560171408,0.6628169066608048,0.8180290388071448,0.662274205426415,0.635026984780869,0.5622392121295761,0.8466006268019054,0.7652945724376237,0.17052097939364372,0.603411990307199,0.709478622746103,0.8723274967769727,1.0003623903441528,0.8266087648207089,0.624980626475982,0.7019170817824616,0.9839476674237299,0.7759320266889562,0.24425201576071376,0.6775880585363886,0.7412185699302095,0.8417613440090717,0.9010352647103352,0.2943038753147421,0.7684965024378948,0.7588243090226204,0.8776969706960732,0.6640931167260583,0.7554554117878904,0.6091903852243665,0.6184285149668577
GLSS-HF-2919-TP,0.8112116939140152,0.5139834586747914,0.6809053104156935,0.6805089498079009,0.6335874506845378,0.4248073678002143,0.743209049620324,0.4849916148874382,0.8108715082432824,0.5562206959799503,0.6293543776226282,0.8862844649359382,0.7197816331997174,0.697496100475158,0.5121551642243376,0.5396123773676401,0.7151536235695404,0.6633309914339095,0.7231557660728042,0.5913398825134358,0.6551317611882355,0.7742663627984363,0.6275769208454524,0.5935236810625724,0.46684574893723946,0.7761117482187756,0.6842061318096126,0.15239033017346815,0.5499222156018067,0.6954513809929028,0.8713093174708799,1.0068755387872432,0.8442741413467483,0.6050147736867884,0.6509725905841514,0.9741218483422303,0.7533463984778334,0.2643525660753294,0.6422803151582623,0.710313133579431,0.8507387498277108,0.8765398909525298,0.3212754822699771,0.744171885028801,0.6785770047325811,0.9073397838689763,0.6314382624092645,0.7603747460799438,0.6261723405159649,0.597883315871933
GLSS-HF-2934-TP,0.7984258568438442,0.5857815664483715,0.6971001972992987,0.687940803567831,0.6414913528626842,0.46819851069139357,0.7858418811692772,0.4901847891427364,0.8348088335243196,0.5782848177798865,0.6787745093300269,0.8799976332204817,0.8175851423772796,0.7156679854666289,0.5246463901082877,0.5655331243898732,0.7171447150850871,0.7832897441776803,0.7293106884944984,0.6818563892465834,0.645246983301515,0.7618533863904204,0.6493140728654778,0.6428078855380357,0.5556758645138364,0.9346268400844313,0.8312276349628827,0.18151766298614438,0.5850973471810043,0.7709913776255152,0.8994462156724138,1.0284777003246068,0.8126704355531261,0.575181375068854,0.7155854524058166,0.9708270293183379,0.7448502722806062,0.2969581170099976,0.6818424824747611,0.7445559317806487,0.8440554196854945,0.8524382569887715,0.3452759300931299,0.7524643898111496,0.7126357164584646,0.8817621519320267,0.6585085572550324,0.7616485635941228,0.6402210446475299,0.5874073633066613
GLSS-HF-3050-TP,0.8053069158914146,0.5407330237903634,0.7138921764722949,0.740992113555439,0.6723225198371588,0.5158294684270309,0.7772558643505311,0.49372556579576293,0.8196711004452811,0.5871965372404135,0.6483460714874374,0.8658506080347973,0.7746386365420035,0.7695042881138627,0.5506953310567955,0.5721144957142941,0.7186586529754591,0.7352033795257855,0.7044234864225116,0.7006379816682341,0.6513235302743803,0.7291552381948634,0.6329166890791866,0.5639059639891028,0.5117524321523103,0.7808044885808983,0.696772474133633,0.20323653055593127,0.6023319909375252,0.764651841475345,0.8589466622693159,1.0173995316706987,0.8093668550064635,0.6205654381112276,0.7503195151349785,0.9727386352141092,0.745251937378737,0.3026673015753694,0.6771910948964268,0.7220164411653592,0.8332735571386738,0.8642786224329786,0.340741340192101,0.7874583268488831,0.6937075472458871,0.865210710417772,0.6804099643781748,0.7753090967911345,0.663367145773064,0.5990395858528647
GLSS-HF-3081-TP,0.7882104112482674,0.47267768081462075,0.7101309707864751,0.6644885506240397,0.6413101914657338,0.5112719387680233,0.7440579032278624,0.46116651373588735,0.8018617548166632,0.5407644601320931,0.6071928920934205,0.8757683841894259,0.8790824175844482,0.7085246999016903,0.5247307926769826,0.5713992412438795,0.7122825195317342,0.8465860667428536,0.7062309515624307,0.638154334207311,0.6370190638172962,0.7214470753633568,0.5967297841906473,0.5394976689436186,0.4597887224423619,0.6860216482224808,0.6271949532857607,0.1645420523530409,0.561672898075371,0.8132065200718056,0.8754278061853553,1.047805079573443,0.8503773169500385,0.5957757604195674,0.7186100205750315,0.9722173424002927,0.6913395269882359,0.32156349205398216,0.6538827285787814,0.7385217695310123,0.8351848205523544,0.8490648929353631,0.3512477976668637,0.788161486174426,0.6704458067706677,0.8677754736709967,0.6767188733618686,0.7590933755945926,0.678233490964661,0.5721158072518696
GLSS-HF-3162-TP,0.8308465531055812,0.5530730729813581,0.7388352928772577,0.7373750133536058,0.6529429511828453,0.4961189962971588,0.7998088943942893,0.5151015493824233,0.8321198016765079,0.5800140724629211,0.6600793957038685,0.8709447086866081,0.8177751020748798,0.7813007916075824,0.5380690749882054,0.5761296369511213,0.7331098650860433,0.7735615650918051,0.7372769078266125,0.6100762787197695,0.649949274698035,0.7777727275960667,0.6352227888016996,0.612005885296955,0.5336671156645757,0.7770846403672259,0.7159653991346524,0.16142609416928053,0.5929551499594594,0.7704550310747987,0.8910576103832021,1.0318970045725848,0.8072159759062854,0.6247770529716224,0.707898197466482,0.9979810844739068,0.7525785051590258,0.2092337839893118,0.6748846421467115,0.7475866273475147,0.864850695394589,0.8911124749182194,0.32799601301734915,0.7773533950142482,0.7396362800977188,0.8831599254216947,0.6947869482490827,0.7678322109613935,0.606798284743435,0.6143393711753844
GLSS-HF-6504-TP,0.8439630804332434,0.6424023620939274,0.7934341456722188,0.8031614075008398,0.67190487206496,0.48427892964555835,0.8302686658725684,0.5348200350669262,0.7955176778237525,0.6464813340986685,0.740674659241163,0.82993445426684,0.7718214698265742,0.8445556702341601,0.5901796124917479,0.6153751011909085,0.7353404821785621,0.7561454146388755,0.7392473204600866,0.6767121063517643,0.6893605732668163,0.7954360382827473,0.7002573143169306,0.7439639313117619,0.6750878657349104,0.809611312483365,0.7863756832071261,0.14522875681649886,0.7002381496836155,0.7929853426954658,0.9044303941816593,1.0098918114588158,0.7584669905279365,0.6074968512322395,0.7322689325211836,0.9780681922062736,0.7653118159891465,0.27439828121587034,0.7160714065474176,0.7705723320759039,0.908700391687112,0.8934456300221065,0.3264690211436584,0.8293722708749206,0.7929559622605153,0.8756923595960378,0.7622588787854546,0.7584228346555674,0.6226245449739182,0.6323593456530493
GLSS-HF-6658-TP,0.8256299415148417,0.5222947751067276,0.7560951518720521,0.6794535795800113,0.648523860253489,0.42121922252903,0.7614622325435056,0.5356762434542471,0.8060878482765372,0.5680678278400351,0.6637823446585874,0.8257129734187143,0.7732488578574952,0.6965675804196075,0.5498660841983679,0.5636612511690224,0.7361451025888925,0.7586172895755855,0.7167198802386059,0.6858359131192607,0.6906043941223532,0.7421186763988361,0.6179315251847576,0.5711488268079935,0.5362268381855717,0.744160712830912,0.6740520906989169,0.19742756188098534,0.6248950554225768,0.7979315479965637,0.8916527516216488,1.0128054391042778,0.7320647261649867,0.5796318366791099,0.7166467664318281,0.9789959197450093,0.7137841835049017,0.3391324220364578,0.6979037048515176,0.7687553071055003,0.906475915896731,0.8607677152429337,0.3624214442287367,0.8071991023481534,0.638718129116287,0.8648409521516526,0.7186125953971862,0.7466874640786239,0.6443763753330884,0.5947264962896993
GLSS-HF-B972-TP,0.8391348297827489,0.5583874206660591,0.7976609299994196,0.7503907613792317,0.644841991407131,0.4691394876675257,0.8043803353276093,0.5555102759753737,0.8450939681980159,0.5843933495500473,0.6916456751044097,0.818964788986324,0.6996252107999911,0.7700258175036411,0.5725808780953907,0.5822390121655387,0.7334011341438148,0.6896083784788501,0.7293958616654321,0.6656748758565825,0.7024534310161114,0.8155849689148379,0.6744227614068734,0.6510846013956753,0.5988350489587669,0.7494684550707532,0.7154264999745866,0.1705243341231941,0.6472600825778773,0.7676114478232468,0.9071804538966579,0.9894708430270026,0.7439735493255129,0.5709240288904253,0.7490968390344195,0.98954484426356,0.7490805410457057,0.276502448167467,0.6986647533433833,0.792245062874188,0.9015111722307818,0.8736717350477271,0.3241276854769616,0.806725122949203,0.7714217224315254,0.8676881581240911,0.7675633754612627,0.7464851067446584,0.6556194453429968,0.6163099767874712
GLSS-HF-BCDE-TP,0.8191265438862798,0.4930528724560964,0.7384952553179712,0.689288117477297,0.6183709594501238,0.41616372125800294,0.7418007260128345,0.5253256615179077,0.7630091842310136,0.5246503946514723,0.6287304108809395,0.8420407949793481,0.8017850168808924,0.6775493733915537,0.5238139340234059,0.5348781484721584,0.7308351455277775,0.7873465835423104,0.6800648636359901,0.6985281483320233,0.6613110696591579,0.690322218723893,0.5885668489551624,0.5132184464411108,0.46602906991262055,0.7643441249931314,0.6675261037153323,0.1698053718416381,0.5804327424494431,0.7993929104496593,0.8533245858404371,1.0260271952356594,0.7557985722126918,0.5475235352154045,0.7476623431527403,0.9777409662878719,0.6900007897567286,0.27806260134914046,0.6838873798132145,0.7562391715578134,0.8877717164769429,0.8354217240942199,0.35008660107522477,0.7929665051711465,0.6146081683484794,0.8356146895880583,0.7137876102075474,0.7250264413396579,0.6619951739953979,0.5672544404418165
GLSS-HF-DE05-TP,0.8107169110420467,0.46349423494621034,0.7468693428322514,0.6551154684375929,0.6287638368793544,0.4442249446217479,0.7234564876206037,0.5163927338433634,0.7930564255134491,0.4927817866325414,0.5904847087205541,0.8471168580571299,0.8315464874522581,0.700243631444857,0.5316927787928735,0.5203937640813867,0.7291996422581016,0.7984281822866762,0.6778659554841487,0.6729430684939512,0.6600507719386853,0.6788232831916886,0.5945815569130517,0.4657993077102624,0.4545386531222653,0.7406307250628529,0.646224386533287,0.18698441405279406,0.5395195961429482,0.8074434593645188,0.8688837414089795,1.0375882155830123,0.8150564096451045,0.546895750997269,0.7425835727906879,0.995419860539089,0.6738267002002282,0.3141911236755407,0.6735879576058098,0.7648985512115886,0.8868179724280737,0.8172054675657647,0.3740086955594047,0.7595927982394315,0.5982818411668664,0.8687967081059842,0.7103819716386449,0.749529914363652,0.667566461018147,0.5608701967219303
GLSS-HF-DF35-TP,0.8117291822152629,0.49478242312707893,0.7478372671892212,0.6297352797275001,0.6035286189626172,0.42282187653307973,0.7334667728912606,0.5162246761807429,0.7702801988498467,0.5115105709022361,0.6188058104114958,0.8388256991388391,0.8043742721456539,0.6742800510942367,0.4932659521220055,0.5203008666726363,0.7159842428053564,0.7715835438547006,0.6733482433304954,0.655885513089243,0.6626641428981778,0.6891383008953438,0.5733464801169893,0.5072255898519111,0.4610828471235762,0.7023746046246332,0.6340146244927571,0.18071716468652146,0.575590328643037,0.7968364022577319,0.8575804273227622,1.0233802764565423,0.7586709045141453,0.5547312190248578,0.7700302291451404,0.9805278679577634,0.6910269404598146,0.3085893965483461,0.6741051747654937,0.752867031294547,0.8924132220356189,0.8471932362306335,0.364579773315019,0.7924136366445241,0.6043060624333472,0.8474894752303861,0.6986795693444241,0.738934840874856,0.6493415281311787,0.573694758216073
GLSS-HF-EE74-TP,0.800231166344929,0.5034514488085116,0.7275227870581646,0.6573462527169291,0.6357421398518757,0.4495330365805936,0.7463011379515705,0.4811606826871292,0.8002314652163381,0.5287882286277552,0.6271156029002624,0.8369981593652527,0.8083085745687852,0.7048260122137564,0.5387532945904207,0.5625489343637773,0.7123490953674229,0.7944231586879165,0.7163318728853766,0.719004730652431,0.6635885317983726,0.7332419540151127,0.584019566170249,0.5224179541225824,0.4899559082026873,0.6737511505002727,0.6257028947955985,0.2028362227009349,0.5983097273938818,0.795729019467011,0.8901582448296673,1.0313448462259733,0.7802009185521669,0.569510522033456,0.7215627355478484,0.9815202755354785,0.7041268797898169,0.3883756996714126,0.6799171040570096,0.763821892711109,0.8824131440474885,0.8432730773664755,0.40120277744653843,0.7945935533475026,0.6086989536546284,0.8765278082034232,0.7156197737582741,0.7400026309135642,0.6461788992176304,0.5775251605277303
GLSS-LU-0B10-TP,0.7018597881199857,0.4786153128823563,0.7439365243936701,0.5488062510402408,0.5904881031698931,0.465708650065635,0.7063274203581179,0.4356837372299391,0.7397757260975254,0.44485391343511055,0.5781540522948231,0.6470405895990451,0.6752205428556524,0.6135444084985242,0.5009410372886373,0.43753217162102087,0.6438792768940227,0.7088976606924354,0.601440231998753,0.7064356506925998,0.6184803383039637,0.6479797485113381,0.5596347857417532,0.504543050699622,0.45651449338405,0.6943718850686267,0.6446457401972651,0.18768180134593324,0.5199879873181396,0.789522232836153,0.7549697950868509,0.8816765683481592,0.56143822337061,0.5126357214956778,0.6629071162943673,0.792262510413312,0.6295476740939984,0.27962430416544826,0.5615245732226225,0.7034592031583519,0.8605796493854994,0.7286874745763191,0.3123015956566139,0.7453076654684037,0.6082188144072456,0.7394597428394935,0.7224254112579991,0.6349881539387492,0.5704640875584541,0.5036525442042751
GLSS-LU-0B12-TP,0.7738457402670075,0.5539411090673542,0.7736625568368962,0.6631084335745212,0.6070797841367238,0.4385121842482924,0.778896896716143,0.507334062653612,0.7522671655562617,0.5426703264941152,0.663358804243961,0.7396963826617594,0.7674024449554603,0.7567447513356981,0.5151751769426907,0.5056665565949162,0.7055512909734597,0.7671976526399993,0.698096626625652,0.6029871272010444,0.6693617967398695,0.7657316926752693,0.6274861369071663,0.6427669511567543,0.551075788940454,0.792722680753286,0.7589571090389519,0.14162314383607078,0.5857977666894065,0.8322179403030929,0.875483559248177,0.9684712989901824,0.6615679237428113,0.5326700841275942,0.6357901322612991,0.9083884588691048,0.7064139217386576,0.22412807340578575,0.6517733738275723,0.764301377678274,0.9303628522508114,0.8622563722018896,0.3210838394312184,0.7923523303242761,0.6935238333988831,0.8151746262550645,0.7676565070052676,0.6976785807165262,0.5637099898310802,0.5759498196785612
GLSS-LU-0B13-TP,0.7541475305554745,0.5391593435211164,0.7697025341448719,0.6465629821331602,0.6130736636615906,0.46266208475804943,0.7646317698184606,0.48957989260585943,0.7775860124179391,0.5249033085333709,0.6412410161717468,0.7547358370634866,0.7945521057967805,0.7303177269765797,0.5394211062069981,0.520056797493843,0.6865741769063152,0.7726446652865745,0.6711910899904633,0.6050452129864147,0.6591501667368255,0.738012811859753,0.6285376185882375,0.5925812189342692,0.5363281674948543,0.7536043029741681,0.7177738370254962,0.12526310427986911,0.5542798705849071,0.8456729933256635,0.8609186592192329,0.965927720680089,0.6380968955192302,0.5305669358139075,0.6373211361836747,0.8726186007781963,0.6586043968351477,0.1916640151176368,0.6232021241093764,0.7537950026186779,0.9203851085743915,0.8265846885298868,0.32450527474540747,0.8438293065308992,0.7068917030499335,0.8170303476139544,0.8007225665744584,0.6830176877623402,0.5564159027449889,0.5345368399324106
GLSS-LU-00B9-TP,0.7597795128263816,0.5127844983870612,0.7761772698469886,0.7479306832026181,0.6491838696996427,0.4468808081113954,0.771476417206762,0.4691229063533872,0.782944993738192,0.5225103033388128,0.6512266670508734,0.746756614726151,0.7104027384580042,0.8029159062379176,0.537416035716334,0.5159600015864477,0.65642396618087,0.7223483223401715,0.6886100023078112,0.6460828645646828,0.653067655661971,0.7743331001625923,0.6274587406922293,0.5943917145037642,0.548415468286253,0.7017558040177947,0.6837725776612682,0.13817990177947487,0.6136560020833198,0.8118988897714502,0.8686467947311028,0.9615821269602861,0.6767904841008278,0.5550605162673435,0.6974754750261377,0.8743412365190555,0.7024907942421177,0.26910950700816044,0.623584259331612,0.7651284393968981,0.9094510993976769,0.8279054209167052,0.3281206045551049,0.843319062165499,0.7115255574000037,0.8462708683618626,0.8152248360662023,0.6962621871914484,0.5797491688179129,0.5646584370180727
GLSS-LU-00C1-TP,0.7478245865144313,0.4733147227310433,0.730973877964999,0.68136593759735,0.6168889850016217,0.4036010202710819,0.7217244462937226,0.4817676745829265,0.7406725798305693,0.49449406576017774,0.5982967113576848,0.7393993686155655,0.705345251273056,0.7362440316885154,0.5209005440557578,0.4865205858452601,0.6515176861115549,0.7005019427220133,0.6608135730948279,0.6601140775961442,0.6559490395233224,0.7292253764387961,0.578542507973297,0.5379592455344148,0.48765563718601657,0.6740077200275607,0.6239659829676727,0.15718391247966967,0.5433565020640218,0.7958110728588478,0.8183771992957254,0.9392575666343986,0.6604665896462206,0.559788994819402,0.6877672788018357,0.8489597705345532,0.6665334600522277,0.224758796891023,0.6043305455822862,0.7410607493800188,0.8756211071016762,0.7784415526357742,0.3053180907546093,0.8031075621503532,0.6244202510604498,0.7981304387498376,0.7854256676760855,0.6676363079299399,0.5842192579667396,0.5315437934106598
GLSS-LU-00C2-TP,0.7179346627694108,0.475426046068825,0.7270482886126495,0.6054812542823734,0.6059011125257584,0.4257172578869158,0.7144790703477268,0.43627917759202756,0.7216856071610953,0.4887302695101405,0.6151833127047264,0.7068586675443549,0.7481821292172138,0.6997026313339253,0.49442155145082245,0.49692164721067317,0.6450673379886863,0.735275228070257,0.6382688544298742,0.6473077264734756,0.6412579275173611,0.7001796268399456,0.5762522258006921,0.5380462271263006,0.479175605486033,0.6809965685529673,0.6449239520933353,0.1302097977699231,0.5410803802727101,0.8022186811188821,0.8024725037805706,0.9291900962082547,0.6616443307311116,0.5169811113892008,0.7034631815567614,0.8152239028416791,0.6253235333562815,0.20102796002638126,0.5803976748633182,0.7171269845953002,0.8840009490583279,0.7547322166474825,0.32427778924673756,0.8023172441792176,0.6196225253974255,0.7990355453137373,0.7658101368168643,0.6392210250411425,0.5612465608161763,0.5267580300126933
GLSS-MD-LP04-TP,0.781746561668882,0.551128756490336,0.7681828032406084,0.6460117417228082,0.6055876576465491,0.48369628848476676,0.7461715488804369,0.5423874054662484,0.7548287118945818,0.5165419116012492,0.6516891024714866,0.7757828432488049,0.7160206989980816,0.682590693966436,0.5501579119083151,0.5584632414324083,0.7025024425278507,0.7094396372622547,0.6548313881043117,0.6223836312637079,0.678157713533118,0.6824548318127487,0.619936969066772,0.5794891670367428,0.5224323923240383,0.8343638601452517,0.7580200082260826,0.16780422027923483,0.6058678062922691,0.7710635732740408,0.833480712765739,0.9782877847677072,0.7128026812540911,0.544023458782982,0.6924253033635629,0.9508744192799876,0.6825735850378343,0.3096588700593263,0.639643050834141,0.726470870430906,0.8970788082877544,0.8125229854056737,0.357298069484973,0.7799216108555271,0.6432382408898579,0.8182157854913464,0.7673049571898616,0.7004910772306471,0.5754817356326363,0.5639745503636271
GLSS-SM-R056-TP,0.8185817748054103,0.5145481140601263,0.7134658759599363,0.7000712811249962,0.6007101348528354,0.45768718141033954,0.7365569491891635,0.5313529275867589,0.792646301420977,0.5327136412631889,0.613961756462578,0.8822327764047414,0.8685313334317587,0.7106704744905563,0.48477495209011634,0.5241449973993799,0.7517785109421802,0.8047011390859038,0.7056974437900904,0.5795016491730434,0.6552691246015077,0.7061003365968477,0.5961572531441733,0.5319820208944792,0.46635646646870216,0.7392315202092368,0.6618696236900404,0.15920931143448805,0.5536224486542638,0.7395957978430625,0.8810518644774651,1.0479271246597988,0.817155104005153,0.5374502524871624,0.6827572849001321,1.016352516957806,0.7047105997474097,0.28241247965985156,0.6888632105165219,0.7332736386907072,0.882372207450657,0.8257925089113276,0.38142276183804286,0.7147183114746933,0.623462831827396,0.8623315158214352,0.6443608366480346,0.730008615150966,0.5942881576654108,0.5893264141615339
GLSS-SM-R060-TP,0.8210072347669518,0.5438847890182065,0.770324826465303,0.6827226387437042,0.6191362534406055,0.4771529158979041,0.7776906455147121,0.5228141836787691,0.8369375567581916,0.5581794631531477,0.6622959822553148,0.8606176948709295,0.8265076609683678,0.7137304829975412,0.5355666670431616,0.5538566524164668,0.7347747027214447,0.7759056461652634,0.7121863210941459,0.6166079647446707,0.6772607780932995,0.7772365348257331,0.6369509319503059,0.5955148884605604,0.5257647181679115,0.7797100842831391,0.705803389277947,0.1708489629503106,0.5929827358337437,0.7585577071306011,0.9171778548322789,1.0423002501421523,0.8001541367413988,0.5798647493353886,0.6793087826669821,0.9878691714598852,0.7385044172461456,0.2574742283602372,0.6835711076765973,0.7502358985463954,0.8915490715248943,0.8700832677874135,0.3605416718958205,0.767365569112378,0.7232379486380257,0.8870618962678203,0.6778810523686223,0.7717310898473315,0.5557069492291328,0.5973246916197844
GLSS-SM-R061-TP,0.8199199354228973,0.5771385098866822,0.7320299867092172,0.6758058394259354,0.5974028096498628,0.46570650205764713,0.788486316034723,0.522107175560439,0.8458288253462123,0.5599106829992799,0.6737318956356906,0.8550079974382082,0.804699998274301,0.7146797335424557,0.5354418028696002,0.5700982346693326,0.7279436647858232,0.7496997639781984,0.707374158490204,0.6282220042973142,0.6678310523358502,0.7677162215098454,0.6537548946041409,0.6526048878303397,0.5651339141856752,0.8929855561809238,0.8001046337815044,0.1633501857645822,0.6135887496423308,0.7301940717217272,0.907029241456275,1.0284256361994926,0.8040423193778841,0.5782442245748104,0.6859953474038717,0.9846907176443149,0.7460370386883058,0.3353916803901187,0.6923371753328557,0.7301531024393478,0.8883974267978055,0.834065558540947,0.3577736054597611,0.7518077402769864,0.7432779632641013,0.8783732900090108,0.6607722595181236,0.7765426403746372,0.5646275502583777,0.6199387573069467
GLSS-SM-R063-TP,0.8309582427464507,0.6114583418724759,0.7478714228361169,0.6473753770465892,0.6186160429048987,0.47922556699149266,0.7969482953364565,0.5439787904020663,0.8124468760959033,0.5672557851705705,0.7062203698665768,0.816994474289323,0.715994357940856,0.7179949933289809,0.5659856895621589,0.5871601671844051,0.7460295623702989,0.6771064601749915,0.6754122800013111,0.6418237783999641,0.695229443026289,0.7361361215617728,0.6596322314929596,0.6267398832872111,0.5763621862832901,0.8223585979529711,0.7679594352618322,0.19765499898395686,0.6448884405716924,0.7192485479214223,0.886141127981233,1.0025343233838269,0.7101871170190477,0.605691687418559,0.6763895627378382,0.9768808333150096,0.7356668657611662,0.3152341210434531,0.6896714510491998,0.7453428511783405,0.9019218772154586,0.8864307121434177,0.3401696504208505,0.7793809252756893,0.7212340596595458,0.8606737865568777,0.6852099163755491,0.7696570996005554,0.5650156087747038,0.6330676266877981
GLSS-SM-R064-TP,0.8073532836484265,0.4927929380089468,0.7029884372194339,0.5183094094508046,0.5770922079839517,0.4944370598973714,0.7296696473305683,0.5591081583279505,0.8070852754019306,0.5022551294824341,0.6128024489564432,0.8357019842420819,0.7278652311464386,0.611168515316713,0.542534278582831,0.5653729716396886,0.7536671992785976,0.6610674687618905,0.6487781671511231,0.603388936284067,0.6820048939428748,0.6802357802599087,0.6112425244095879,0.5125979997750193,0.47922397807972195,0.705235825774547,0.6449691225190728,0.2228523460497958,0.5807032584524131,0.69838952035592194,0.8561860847068008,0.9957839618748864,0.7318101762639877,0.5810844182113383,0.6584618483147371,0.9786865292654944,0.7384579261519592,0.3309671309404531,0.7099720181193923,0.7100017575517563,0.8503550455400123,0.831406819688086,0.35697658270592136,0.7182102162209182,0.6325997769277943,0.8211174002591125,0.6321303863302234,0.7547311079147562,0.5649325901778488,0.6180454505581037
GLSS-SM-R065-TP,0.8187214558289468,0.5128018431740122,0.7664084592842451,0.7181979173196376,0.6239734286958164,0.48787313366307755,0.7659470038123607,0.5046239272662865,0.8142169820088977,0.5401785494483609,0.648379513978599,0.8476580245256242,0.8050004485959142,0.7558596085211519,0.548941693078933,0.5507260952658776,0.7202923992169187,0.770033669207868,0.7031924302948482,0.691782775523164,0.6776901805649048,0.7569136301357164,0.6253528845998998,0.5769329600353532,0.509830439866967,0.6905285344214438,0.6534491418824959,0.17002998948360082,0.5963516962454051,0.7771405335224374,0.9027435581427415,1.0366893056430302,0.7933093077194481,0.5937277842703932,0.7114335512099518,0.9764455785208084,0.7488599220996474,0.3750113643926441,0.6708199774540898,0.7534409698885077,0.9063736466962514,0.8736106153569582,0.36581980186154334,0.797154442644253,0.7113364775127843,0.8940675111095169,0.7077095982625666,0.7835766918448995,0.6111095035577159,0.5929015262066313
GLSS-SM-R066-TP,0.8132138586869813,0.5300864802306189,0.7445820429837251,0.6841626427976204,0.588770390266523,0.44324218543450566,0.7704001161690056,0.5215226778989988,0.834614070978151,0.5750992342848517,0.6779173674872074,0.8297770030800553,0.832622670132936,0.7351644029981994,0.5301571266204117,0.5675683070631135,0.7485324283979122,0.7821557708088048,0.7106159057509356,0.6777772502075191,0.6704467559271741,0.7620849432342671,0.6270946607640233,0.6231035304093673,0.5489423451958833,0.7285452462637134,0.6917058516427304,0.17022144888199847,0.6382818202929861,0.7251800107401103,0.9211382466446769,1.0354381885062736,0.7734393725505805,0.5551620773860068,0.6432256363188972,0.9809458454091191,0.7278968413137533,0.42266301067286,0.7047590169907513,0.7171648229470211,0.9196101818423066,0.8574992577111636,0.39329432133822917,0.7444780692049833,0.7470345984359239,0.8704391703631309,0.6927013179592459,0.7584415453564438,0.5700378784654233,0.5968487232100109
GLSS-SM-R067-TP,0.8371414973951611,0.5869069648987301,0.7205914952850514,0.7008971330406405,0.6357200231832295,0.49700157425052305,0.7651948708306178,0.5408549595906277,0.7980768896272522,0.5819203903111573,0.6851894712160218,0.8522348166281813,0.7757973524275223,0.7451322045948979,0.5529158720401481,0.5883999322906193,0.7444600189427142,0.7300592586490269,0.7196759120148746,0.620331218750383,0.6720982766207237,0.7576121627285377,0.6651791598828375,0.6516241932084073,0.5673243578693583,0.8177479633936411,0.7452321260960175,0.20820726107039164,0.6156250926566997,0.7335999363510026,0.8884089767532416,1.0146865909552407,0.7815933984238229,0.622787140471679,0.7053986482701786,0.9905935528271861,0.7416031147213138,0.3064110176004646,0.69748540660586,0.7436295632765261,0.8625445269585879,0.8741393589305946,0.33572681221430767,0.7410821343200489,0.7051003100670602,0.8695023212420517,0.650104336131644,0.7685675360772736,0.5884710804892314,0.6348142049175375
GLSS-SM-R068-TP,0.723163246550174,0.46396546615820167,0.8007159576899062,0.698766560928791,0.5226321172894961,0.4423492201842205,0.7073698550479007,0.5122001868965442,0.7213423108111905,0.47824136044218146,0.6066033184527392,0.7222965548753251,0.8096923310607155,0.692352409661006,0.5208303823653915,0.4906229880337732,0.6891111847575376,0.7797925026233689,0.646545941359066,0.6791208209696513,0.6262274538509933,0.6733144749589577,0.5927751385440648,0.531376511438264,0.49938417307572674,0.6619017278167514,0.6391735839411938,0.12767836367447286,0.6251173656995743,0.7487748148673586,0.834583305945741,0.9732420481413537,0.6383880798622613,0.41047736241070043,0.6885603443136056,0.8634554509202245,0.6208352376015919,0.33495150197506,0.6328948043328833,0.6763135287751603,0.9322159139742029,0.7188004343566967,0.39403832421979473,0.7939745100810692,0.6466713776439736,0.8067659227188746,0.7662487102691597,0.6448435259064158,0.5746068268768808,0.5225974437875432
GLSS-SM-R070-TP,0.8137886907854549,0.4440080764711088,0.7479151727391322,0.6710106936585227,0.6037145912470326,0.44184743072711824,0.7582268720441241,0.4692387691310417,0.7966035045701033,0.5466456620776258,0.6229194414005349,0.8713984666342478,0.852028922801126,0.7288974310013453,0.5344810631527988,0.5755698721054415,0.720908071467863,0.8258001635532537,0.7129986316890302,0.6576658669161161,0.6602581104845673,0.7582631904191711,0.5982805530403973,0.5075483359793689,0.4510828735143285,0.6797150775289522,0.6140528750909728,0.17609946669516005,0.5799464785660088,0.7834200864782218,0.8902205339806418,1.052678406304787,0.8188850482280094,0.5994000167968804,0.677455902505443,0.9820181504263359,0.7218705858873611,0.3593123192689071,0.67697004934037,0.7232455345633253,0.8772542068344105,0.8842920889057166,0.371308925302497,0.7615652576167509,0.6923450800455886,0.8862961289883042,0.6811164888180535,0.7717874653652441,0.6242728608327561,0.5830329293834723
GLSS-SM-R071-TP,0.7229066788167536,0.48618008073015356,0.7916078858506217,0.7221660704995967,0.5048028319512943,0.4340518090770957,0.7268408409936462,0.46613393602956205,0.7300640664115817,0.47908284985451594,0.6161972372973104,0.7354930352603875,0.8266045373357735,0.7232627945010669,0.5400170107550836,0.5204338978272023,0.6779390700154707,0.8002641404679351,0.6762542654992325,0.6660417246604616,0.6229572092689818,0.7376424455496936,0.6113787011633515,0.5586292966194086,0.519656412302575,0.6789712375575914,0.6635448607133025,0.12366042843795086,0.6237974868745609,0.7561114307919892,0.8668853580524727,0.9854974623804535,0.6644405227457154,0.42775354146123695,0.65632373612524,0.8711618964031859,0.6502955366903629,0.4002497243487284,0.6114059020706432,0.6962405041299103,0.930085326870918,0.7218218237319909,0.41361298332744206,0.7705619827312694,0.7250900261671986,0.8328968242895821,0.7832829304674976,0.6826586348512227,0.5460209034789592,0.5115514336253927
GLSS-SM-R072-TP,0.8209412286185291,0.5063471614841689,0.7660995673076321,0.6938625684385481,0.6579938775420096,0.49849306409422833,0.7576149598271907,0.5238587611505646,0.80223184497523,0.5524801638227743,0.6329637446912,0.8498546673911116,0.7814496153105011,0.736284397284488,0.5615306366061594,0.5768834154059459,0.7317950973231487,0.7637632266494464,0.7276896639446365,0.6822306839587341,0.6693043007542668,0.7781685462541115,0.6205767146909238,0.5799091689024939,0.491169132525105,0.791745722728998,0.6878807138314985,0.22154602170764812,0.5897342316461508,0.7777326320490022,0.8780658874737814,1.0142880180075702,0.7374580817710422,0.6184059309850723,0.7392796442249636,0.976694503420343,0.7359501697578772,0.35050915867163535,0.6928331454012385,0.7624954739754449,0.8930467931074398,0.8466350405821421,0.3650454000911112,0.7905648245628539,0.6593393902115302,0.8674679458707822,0.691991711653911,0.7744705952120174,0.6631474050177002,0.5933127537854644
GLSS-SM-R095-TP,0.8083072351513353,0.5805250708866541,0.7336543721184036,0.7593046751332926,0.6719675212282947,0.5034732146263193,0.7986588741713815,0.4871938989808977,0.7949550530390862,0.5823402103231449,0.6759044078400609,0.8536677605720701,0.7550598823229526,0.8070635101768288,0.5775972005362662,0.5846928696187146,0.704549699771075,0.7303803961279797,0.7419080351187646,0.7002557699379661,0.6638789199880105,0.8011015911313454,0.6448742049039606,0.6555027583555284,0.5709105027918288,0.755636244530217,0.7159065435147078,0.19014355222889723,0.631008573491485,0.7580952721863238,0.8889670359008676,1.0134213999493162,0.7615899750525336,0.6064024534903784,0.7328321335673603,0.9687347617718047,0.7673550567749093,0.3282772729025502,0.6810330324169749,0.7624636635346257,0.8709780438911041,0.8543873553938193,0.33012914889620165,0.803011444997455,0.7784841943128857,0.8800753611104386,0.7024281853107518,0.7638412988628196,0.6507679003350363,0.5931049853071965
GLSS-SM-R099-TP,0.8345897222417853,0.5278863405920975,0.7564634277941558,0.6859469039332654,0.6461915985213794,0.4999099966816732,0.7873413564488047,0.5308588405739827,0.8292227091129527,0.5794289160276359,0.6711982726873608,0.8613276092282347,0.8503167777925278,0.7640556355170928,0.5754153330058193,0.6100569103014284,0.7434113986151943,0.8165431865187814,0.7484759621288641,0.6957178027809741,0.6798066526611409,0.8028694664302259,0.6422047214412774,0.608838002400778,0.5524926741967897,0.8035066057479668,0.7197766764365892,0.2219586855968411,0.6197852992686398,0.7715036488984841,0.9307576942547378,1.0449938170290767,0.8273180376577538,0.6090918388388549,0.7199234049689038,0.9869171947477676,0.7587037803126413,0.36339477373863827,0.7108030671891475,0.7503129294114459,0.8983046025566539,0.8723654275748435,0.37878115870855195,0.7819431421257957,0.7178352018231671,0.9019749644669449,0.7186483037310285,0.7768018352179393,0.6336499391438749,0.6180697309852649
GLSS-SM-R100-TP,0.7546420600660486,0.4868730863144185,0.7653335552966926,0.597357038485339,0.5137409431577614,0.4346452585750434,0.7042060877110456,0.5512766316381201,0.7427513661730645,0.48343505365995987,0.6198815047829258,0.7286465949051288,0.7581235597115357,0.648865905122072,0.5376255019177053,0.5237449870542349,0.7191237692694724,0.721303390885235,0.6377356565493019,0.614667823138669,0.6498216271924555,0.6579834010743284,0.6031464975833194,0.5212882957015003,0.5098122619896138,0.6982100480463949,0.6700115602123176,0.19920595366442675,0.6251295604397019,0.7026954770942658,0.8557755290513155,0.9842491913903262,0.6413190858177347,0.45177096331667266,0.7141362631894215,0.9130189365188158,0.6375582157695219,0.36491136387566836,0.6498320286826959,0.7132524266193784,0.92785087021971,0.7481831806496624,0.4133053315887184,0.7554325391096266,0.6256327485964138,0.8118112911481785,0.7454343439674561,0.6722671648061943,0.5240584560111036,0.5444288970448339
GLSS-SM-R101-TP,0.8104352935836254,0.5117716750210568,0.7206231780859014,0.6925125915436636,0.6408507421227971,0.4918402233533814,0.765690018407712,0.49275753385524207,0.8185659344186017,0.5631935873397628,0.6414162088723141,0.8751332396206917,0.8513087388327778,0.7275415539293374,0.536954507456096,0.5634832549609907,0.7223650767796412,0.8127125427109804,0.7008867536716504,0.667179392055871,0.6540993134657356,0.7447006957383062,0.6217757684547218,0.5852342265248015,0.4990250810220771,0.7408893008422713,0.6861819784736465,0.18036986617143125,0.5800310498297641,0.7724685752053009,0.8950497051589623,1.0422413210951271,0.8078166456189272,0.575039037030667,0.7180576564726431,0.9764562348919257,0.7169818261595041,0.3520482048716183,0.6961233353388416,0.7307711876438514,0.8690282372756047,0.8641673686776895,0.3679056849999219,0.764941238523204,0.673259707241264,0.8747576451577842,0.6582570063935508,0.7593129870442623,0.6200131537978717,0.610426276628145
GLSS-SM-R103-TP,0.8105589117760063,0.48503998963914335,0.7650605388477554,0.6841579155949261,0.6325392646891786,0.4392798873232882,0.7513325055029071,0.48399645204667496,0.8216713263934784,0.5509449423558765,0.6407959993591025,0.8341487855204905,0.8590582851932098,0.7306185231243171,0.5511689271037014,0.5774716672958151,0.7163575958199255,0.8299331211258575,0.706490430204091,0.6918656591577754,0.659798005471049,0.7735701685219936,0.6010757311597708,0.544138260349435,0.486353941300988,0.6667807874096385,0.6361118078959722,0.18811003288166808,0.6055456765110422,0.7866880670495235,0.9254754568396889,1.0462556194655657,0.7802184666492599,0.5763361583287838,0.6839404969630409,0.9667096144756157,0.7101895823537596,0.39923775580832144,0.6910664839804382,0.7405072214446772,0.9119642450928498,0.8535666472795133,0.4107808525218929,0.7710114719717943,0.6488065895333982,0.8906184462237904,0.7205426768236024,0.7514671315082916,0.5858483904164824,0.577195193429554
GLSS-SM-R104-TP,0.852663152383477,0.5437889516560109,0.7535857413888215,0.7081963171853316,0.6357639389313121,0.458199309569872,0.7898871819796266,0.5591209698489019,0.7958916240266543,0.5983400458680519,0.6779330293253896,0.8541418734984907,0.7060875262692263,0.773885391008806,0.5901001361068489,0.5872128643164205,0.7594736955127537,0.6530891420395539,0.7297216203320848,0.5925798173724477,0.6886558949052214,0.7871027901066527,0.6423433502504896,0.6049905820227539,0.5585697642001562,0.7573344243029131,0.7073783314557353,0.1972843091180956,0.6196267769945017,0.6988655079947653,0.898126805155072,1.0056843732264407,0.7604091607258097,0.6095111407386602,0.6792649803327065,1.0207592061485598,0.7729569075200322,0.2582260604903954,0.7114684353023152,0.7540674278898444,0.9042578321237136,0.8930465378374961,0.32087741856034924,0.7830425476295315,0.761159532602521,0.8883327264306025,0.7135614233749618,0.7581405346651247,0.5970454792228064,0.623041283463091
GLSS-SM-R106-TP,0.8455154098604831,0.5507434346782756,0.7767569974194972,0.6983974323262562,0.6378697651341779,0.4705371799700814,0.8017261857143129,0.5505215537127004,0.8315395828303981,0.5856103151675385,0.659911339866266,0.8739562415466472,0.7961050912554352,0.7371228022604887,0.5653827011325622,0.603297402507671,0.7601806248055923,0.7474079099377762,0.7490239241554083,0.6560792849319079,0.681566588949032,0.7738091429115546,0.6429836807850979,0.5998330855188262,0.560958044264549,0.7379691853112044,0.6986477865827416,0.18192027163098898,0.6216652369571287,0.7299458497214053,0.9243813586721668,1.0339686312700527,0.7906020629418227,0.5967526834173527,0.6983753448471912,1.0184056891872486,0.7707126414593833,0.3106728304951391,0.7154745175334954,0.7415307731163273,0.897766503936021,0.8920485850608986,0.36107188074330493,0.7813924200316068,0.738257500851011,0.8808907957123736,0.7022945186933369,0.7674421681566713,0.6051417656682209,0.6225033485450006
GLSS-SM-R107-TP,0.8281850766637779,0.4998444189711118,0.7399198385063601,0.6269335619639242,0.5941812651713871,0.40740389616098566,0.7524456458581967,0.5034907851703554,0.8266987413088768,0.5377994155320204,0.6341087429938698,0.8606478795856755,0.8215582576559014,0.6618496147007568,0.5184227653574389,0.5637424762603763,0.7616557897185652,0.7605530390988028,0.7129945731078492,0.5748161804634816,0.6450571116328434,0.7368473972766002,0.5978404656748392,0.57267721814135375,0.48877269539764534,0.7138432232409324,0.6575419767697317,0.1848643492391674,0.595539243363051,0.7181866445357905,0.8981260538887937,1.0253899052493807,0.7528659460884258,0.5697240064414643,0.6419775176861422,1.0063429785810107,0.7063658200717003,0.3505951455592144,0.6771746819789498,0.7389285617321204,0.8878241693903584,0.8389841417667355,0.3851881477688948,0.7214036528991741,0.6619747710506411,0.8597284216072151,0.6284371978907827,0.7577656418456864,0.5334633378562488,0.5917832087384934
GLSS-SM-R108-TP,0.8565001523625914,0.6061695604738533,0.7731211045163897,0.8154387963713168,0.6728546736994644,0.5317031585539317,0.8029054311954249,0.5388684127180083,0.8196828478900361,0.6248959535757912,0.7009954283827055,0.8422685552403792,0.701470125809243,0.8298855105487888,0.591457994318915,0.606362093167201,0.7525086986886577,0.6825002225956456,0.7104146962808541,0.6561280023302399,0.6948286418450216,0.7679558198344881,0.6835979884915331,0.6737398005457258,0.5999870022182371,0.8044100223143686,0.7537075273375361,0.18795310248053396,0.6513207194767063,0.756609509383745,0.8717731690870304,0.9962593074226451,0.7278804771329026,0.6398862595582817,0.755757815167582,0.9931596575863625,0.761302849837752,0.2609271340369465,0.6888941999924475,0.7507327994522486,0.8964485743557314,0.8944541143589665,0.3176969725044021,0.8454008548177401,0.7078832649059482,0.8675701933512374,0.7338733429469404,0.7611639067793515,0.6606043135717192,0.6410220243678337
GLSS-SM-R109-TP,0.8484591496454992,0.5940271223299237,0.768859201707244,0.7255642273651259,0.6268838267377275,0.48414793653092864,0.8059266115324556,0.5553914724280807,0.8276126281479105,0.6160093581466003,0.70121852444632915,0.8643047192010944,0.7750992997152599,0.7805983630971604,0.5851966937781041,0.6308181125947497,0.7646810152111014,0.7239873679892443,0.7609747156211827,0.618537248767863,0.6659581525345262,0.7953051714409521,0.6597779318545777,0.6556564047363339,0.5932923990773051,0.7755270235211777,0.7290689244695957,0.2054323949243118,0.6654493128193624,0.6964758756146913,0.9241205806062177,1.0176480244877235,0.7588061071891703,0.6109578427353223,0.6586574503865622,1.0095760047882907,0.7633887456535026,0.3899855455280843,0.7358968688257115,0.7478590945436312,0.9030007094118737,0.8912164462231218,0.37957356210441895,0.7680556232413015,0.7362652395904171,0.8828864983224749,0.6947311693829669,0.7703707506497056,0.5593103626878632,0.6582259680111386
GLSS-SM-R110-TP,0.8534446084270586,0.5842025933260733,0.7689908666953483,0.7182677797408832,0.6260256155219597,0.46712862741720884,0.816936032913409,0.548475252291184,0.8190421243263812,0.6062718769392249,0.687962731527249,0.8741484498048326,0.8320725834254475,0.7807372727115925,0.5585067393829728,0.5888506557178721,0.7539636863600476,0.7863534273506011,0.7483707827829706,0.6147382870267714,0.6812364928279924,0.768795501936097,0.6547925259504342,0.6298872047457201,0.5830216021265996,0.7769680240493178,0.7266839705444967,0.18464506969694877,0.6402808269968598,0.7421770695718456,0.9303570956660403,1.0454910919480238,0.8102276583185334,0.5924297253343436,0.6849582154902261,1.0168738228317562,0.7585316212154564,0.23962501362624894,0.7110838863031563,0.7650275973862121,0.9074713351953337,0.8992570970619111,0.38107449679407557,0.788861922146839,0.7350898252031066,0.8943444982937855,0.7111737423268171,0.7593619169796175,0.6025306714236924,0.6271697399711847
